group_id,relationship,mapping_basis,old_avilist_id,old_english_name,old_scientific_name,new_avilist_id,new_english_name,new_scientific_name
legacy-map-001,split,curated_mapping,avibase-D5813CA4,Crested Guineafowl,Guttera pucherani,avibase-35D60F12,Eastern Crested Guineafowl,Guttera pucherani
legacy-map-001,split,curated_mapping,avibase-D5813CA4,Crested Guineafowl,Guttera pucherani,avibase-9D29C252,Western Crested Guineafowl,Guttera verreauxi
legacy-map-002,replacement,curated_mapping,avibase-BD2BC35C,White-browed Coucal,Centropus superciliosus,avibase-4B2A7A35,White-browed Coucal,Centropus superciliosus
legacy-map-003,lump,curated_mapping,avibase-71A552DA,Bare-faced (Brown-faced) Go-away-bird,Corythaixoides personatus personatus,avibase-215428B0,Bare-faced Go-away-bird,Crinifer personatus
legacy-map-003,lump,curated_mapping,avibase-BEDA5DA6,Bare-faced (Black-faced) Go-away-bird,Corythaixoides (personatus) leopoldi,avibase-215428B0,Bare-faced Go-away-bird,Crinifer personatus
legacy-map-004,lump,curated_mapping,avibase-62ED1974,Fiery-necked Nightjar,Caprimulgus pectoralis,avibase-7E3578A2,Fiery-necked Nightjar,Caprimulgus pectoralis
legacy-map-004,lump,curated_mapping,avibase-AB8E1D95,Black-shouldered Nightjar,Caprimulgus (pectoralis) nigriscapularis,avibase-7E3578A2,Fiery-necked Nightjar,Caprimulgus pectoralis
legacy-map-005,replacement,curated_mapping,avibase-865C039E,Purple Swamphen,Porphyrio porphyrio (race madagascariensis),avibase-AC1E791E,Purple Swamphen,Porphyrio porphyrio
legacy-map-006,replacement,curated_mapping,avibase-66DA1FB3,Lesser Sand Plover,Charadrius mongolus,avibase-828D3D5A,Tibetan Sand Plover,Anarhynchus atrifrons
legacy-map-007,replacement,curated_mapping,avibase-F9305BAA,Whimbrel,Numenius phaeopus,avibase-082F3A63,Eurasian Whimbrel,Numenius phaeopus
legacy-map-008,unresolved,curated_mapping,avibase-00DA9D91,Common Gull,Larus canus,,,
legacy-map-009,lump,curated_mapping,avibase-42720061,Baltic Gull,Larus fuscus fuscus,avibase-2D52E3A5,Lesser Black-backed Gull,Larus fuscus
legacy-map-009,lump,curated_mapping,avibase-4592C07E,Heuglin’s Gull,Larus (fuscus) heuglini ,avibase-2D52E3A5,Lesser Black-backed Gull,Larus fuscus
legacy-map-010,lump,curated_mapping,avibase-943CDEAC,Little Tern,Sternula albifrons,avibase-17310BF0,Little Tern,Sternula albifrons
legacy-map-010,lump,curated_mapping,avibase-4B21F4D8,Saunders’s Tern,Sternula (albifrons) saundersi,avibase-17310BF0,Little Tern,Sternula albifrons
legacy-map-011,replacement,curated_mapping,avibase-F76E7B80,Woolly-necked Stork,Ciconia episcopus,avibase-5157C558,African Woolly-necked Stork,Ciconia microscelis
legacy-map-012,replacement,curated_mapping,avibase-36DF115B,Striated Heron,Butorides striata,avibase-7085B8A0,Little Heron,Butorides atricapilla
legacy-map-013,replacement,curated_mapping,avibase-7C15B36B,Dimorphic Egret, Egretta (garzetta) dimorpha,avibase-F2858F9F,Little Egret,Egretta garzetta
legacy-map-014,unresolved,curated_mapping,avibase-67200E8E,Christmas Island Frigatebird,Fregata andrewsi,,,
legacy-map-015,replacement,curated_mapping,avibase-5EC21767,Brown Booby,Sula leucogaster,avibase-05520B42,Brown Booby,Sula leucogaster
legacy-map-016,lump,curated_mapping,avibase-C1C255AA,Black Kite,Milvius migrans migrans,avibase-06D9A2C8,Black Kite,Milvus migrans
legacy-map-016,lump,curated_mapping,avibase-EE9C6A5E,Yellow-billed Kite,Milvius (migrans) aegyptius,avibase-06D9A2C8,Black Kite,Milvus migrans
legacy-map-016,lump,curated_mapping,avibase-A691B378,Eastern Black Kite,Milvius migrans migrans x Milvius migrans lineatus intergrade,avibase-06D9A2C8,Black Kite,Milvus migrans
legacy-map-017,replacement,curated_mapping,avibase-02AD152F,(Common) Steppe Buzzard,Buteo buteo (race vulpinus),avibase-3C0C325D,Common Buzzard,Buteo buteo
legacy-map-018,replacement,curated_mapping,avibase-FEE35F4C,Barn Owl,Tyto alba,avibase-CFD6F275,Western Barn Owl,Tyto alba
legacy-map-019,split,curated_mapping,avibase-38E24616,Spotted Eagle Owl,Bubo africanus,avibase-0018A99B,Greyish Eagle-Owl,Bubo cinerascens
legacy-map-019,split,curated_mapping,avibase-38E24616,Spotted Eagle Owl,Bubo africanus,avibase-DC8CC91D,Spotted Eagle-Owl,Bubo africanus
legacy-map-020,lump,curated_mapping,avibase-F4D0DB8E,Eurasian Hoopoe ,Upupa epops epops ,avibase-FA2F9125,Common Hoopoe,Upupa epops
legacy-map-020,lump,curated_mapping,avibase-66F40AD0,Eurasian Hoopoe ,Upupa epops waibeli ,avibase-FA2F9125,Common Hoopoe,Upupa epops
legacy-map-020,lump,curated_mapping,avibase-E4573453,African Hoopoe,Upupa (epops) africana ,avibase-FA2F9125,Common Hoopoe,Upupa epops
legacy-map-021,unresolved,curated_mapping,avibase-8CC7216A,Forest Wood-hoopoe,Phoeniculus castaneiceps,,,
legacy-map-022,lump,curated_mapping,avibase-E9ED7248,Lesser Honeyguide,Indicator minor,avibase-50F3668C,Lesser Honeyguide,Indicator minor
legacy-map-022,lump,curated_mapping,avibase-0AC6CF82,Thick-billed Honeyguide,Iindicator (minor) conirostris,avibase-50F3668C,Lesser Honeyguide,Indicator minor
legacy-map-023,lump,curated_mapping,avibase-E6D52EF7,D'Arnaud's Barbet,Trachyphonus darnaudii,avibase-1953C1D6,D'Arnaud's Barbet,Trachyphonus darnaudii
legacy-map-023,lump,curated_mapping,avibase-55E9B668,Usambiro Barbet,Trachyphonus (darnaudii) usambiro,avibase-1953C1D6,D'Arnaud's Barbet,Trachyphonus darnaudii
legacy-map-024,unresolved,curated_mapping,avibase-EEA161A8,Speckled Tinkerbird,Pogoniulus scolopaceus,,,
legacy-map-025,lump,curated_mapping,avibase-6B28B3A1,Lemon-rumped Tinkerbird,Pogoniulus leucolaimus,avibase-7749C92B,Yellow-rumped Tinkerbird,Pogoniulus bilineatus
legacy-map-025,lump,curated_mapping,avibase-35C11126,Fischer’s (Coastal) Tinkerbird,Pogoniulus fischeri,avibase-7749C92B,Yellow-rumped Tinkerbird,Pogoniulus bilineatus
legacy-map-026,replacement,curated_mapping,avibase-A4CF3B9E,Red-fronted Tinkerbird,Pogoniulus pusillus,avibase-E01F4BD7,Northern Red-fronted Tinkerbird,Pogoniulus uropygialis
legacy-map-027,lump,curated_mapping,avibase-408639E6,White-headed Barbet,Lybius leucocephalus leucocephalus/albicauda,avibase-BCA0F974,White-headed Barbet,Lybius leucocephalus
legacy-map-027,lump,curated_mapping,avibase-B91DD3C8,Snowy (Brown-and-white) Barbet,Lybius (leucocephalus) senex,avibase-BCA0F974,White-headed Barbet,Lybius leucocephalus
legacy-map-028,replacement,curated_mapping,avibase-75DF194C,Yellow-billed Barbet,Trachylaemus purpuratus,avibase-80BC978E,Eastern Yellow-billed Barbet,Trachylaemus purpuratus
legacy-map-029,lump,curated_mapping,avibase-A76838A0,Common Kestrel,Falco tinnunculus tinnunculus,avibase-2DAB45B8,Common Kestrel,Falco tinnunculus
legacy-map-029,lump,curated_mapping,avibase-2BD7F8B5,Rock Kestrel,Falco (tinnunculus) rufescens,avibase-2DAB45B8,Common Kestrel,Falco tinnunculus
legacy-map-030,lump,curated_mapping,avibase-B46C6125,Peregrine Falcon ,Falco peregrinus,avibase-47E58408,Peregrine Falcon,Falco peregrinus
legacy-map-030,lump,curated_mapping,avibase-A113792C,Barbary Falcon,Falco (peregrinus) pelegrinoides,avibase-47E58408,Peregrine Falcon,Falco peregrinus
legacy-map-031,unresolved,curated_mapping,avibase-4396F4F1,Yellow-collared Lovebird,Agapornis personatus,,,
legacy-map-032,unresolved,curated_mapping,avibase-E1EE00F7,Fischer’s Lovebird,Agapornis fischeri,,,
legacy-map-033,unresolved,curated_mapping,avibase-7B0E2F01,Hybrid Lovebird,Agapornis fischeri x personatus ,,,
legacy-map-034,split,curated_mapping,avibase-FBB58997,Tropical Boubou,Laniarius aethiopicus,avibase-EBC3B53B,Ethiopian Boubou,Laniarius aethiopicus
legacy-map-034,split,curated_mapping,avibase-FBB58997,Tropical Boubou,Laniarius aethiopicus,avibase-07F940AA,Tropical Boubou,Laniarius major
legacy-map-035,replacement,curated_mapping,avibase-7763FEC8,Glossy-backed (Northern) Drongo,Dicrurus divaricatus,avibase-11FE7313,Fork-tailed Drongo,Dicrurus adsimilis
legacy-map-036,unresolved,curated_mapping,avibase-DB2501EE,Geat Grey Shrike,Lanius excubitor,,,
legacy-map-037,replacement,curated_mapping,avibase-71EF2ACB,Grey-chinned Sunbird,Anthreptes rectirostris,avibase-35A2CCDF,Grey-chinned Sunbird,Anthreptes tephrolaemus
legacy-map-038,split,curated_mapping,avibase-00D5E1C6,Beautiful Sunbird,Cinnyris pulchellus,avibase-718A3B70,Beautiful Sunbird,Cinnyris pulchellus
legacy-map-038,split,curated_mapping,avibase-00D5E1C6,Beautiful Sunbird,Cinnyris pulchellus,avibase-375BAF53,Gorgeous Sunbird,Cinnyris melanogastrus
legacy-map-039,replacement,curated_mapping,avibase-C6D0CB7E,Shining Sunbird,Cinnyris habessinicus,avibase-688582BF,Abyssinian Sunbird,Cinnyris habessinicus
legacy-map-040,lump,curated_mapping,avibase-8C0F6D53,Northern Black Bishop ,Euplectes gierowii gierowii,avibase-CC7862AF,Black Bishop,Euplectes gierowii
legacy-map-040,lump,curated_mapping,avibase-83340007,Southern Black Bishop,Euplectes (gierowii) friederichseni,avibase-CC7862AF,Black Bishop,Euplectes gierowii
legacy-map-041,lump,curated_mapping,avibase-4167B45D,Yellow-mantled Widowbird,Euplectes macroura macroura ,avibase-F5E0EA0D,Yellow-mantled Widowbird,Euplectes macroura
legacy-map-041,lump,curated_mapping,avibase-4ED105CA,Yellow-shouldered Widowbird,Euplectes (macroura) macrocercus,avibase-F5E0EA0D,Yellow-mantled Widowbird,Euplectes macroura
legacy-map-042,lump,curated_mapping,avibase-21C4CE6A,Black-and-white Mannikin,Spermestes bicolor,avibase-E358EC8A,Black-and-white Mannikin,Spermestes bicolor
legacy-map-042,lump,curated_mapping,avibase-A02BCF5E,Red-backed Mannikin,Spermestes (bicolor) nigriceps,avibase-E358EC8A,Black-and-white Mannikin,Spermestes bicolor
legacy-map-043,split,curated_mapping,avibase-A61F55E3,Rufous Sparrow,Passer cordofanicus,avibase-126E0CFA,Shelley's Sparrow,Passer shelleyi
legacy-map-043,split,curated_mapping,avibase-A61F55E3,Rufous Sparrow,Passer cordofanicus,avibase-DBAB527C,Kenya Sparrow,Passer rufocinctus
legacy-map-044,replacement,curated_mapping,avibase-2F9F81C9,Northern Grey-headed Sparrow,Passer griseus ugandae ,avibase-E10D0809,Northern Grey-headed Sparrow,Passer griseus
legacy-map-045,replacement,curated_mapping,avibase-F46C1803,Forest (Northern) Hyliota,Hyliota (australis) slatini,avibase-F840409E,Southern Hyliota,Hyliota australis
legacy-map-046,lump,curated_mapping,avibase-EE4207D4,Grey Penduline Tit,Anthoscopus caroli,avibase-F44BD4BE,Grey Penduline Tit,Anthoscopus caroli
legacy-map-046,lump,curated_mapping,avibase-6E9DA935,Buff-bellied Penduline Tit,Anthoscopus (caroli) sylviella,avibase-F44BD4BE,Grey Penduline Tit,Anthoscopus caroli
legacy-map-047,replacement,curated_mapping,avibase-6B089785,Singing Bush Lark,Mirafra cantillans,avibase-5BFC242D,Singing Bush Lark,Mirafra javanica
legacy-map-048,replacement,curated_mapping,avibase-6A0D6123,Rufous-naped Lark,Mirafra africana (race harterti),avibase-EB9CE6A2,Rufous-naped Lark,Corypha africana
legacy-map-049,split,curated_mapping,avibase-BAA83B0C,Red-winged Lark,Mirafra hypermetra,avibase-5F213A7D,Red-winged Lark,Corypha hypermetra
legacy-map-049,split,curated_mapping,avibase-BAA83B0C,Red-winged Lark,Mirafra hypermetra,avibase-D167A312,Sentinel Lark,Corypha athi
legacy-map-050,lump,curated_mapping,avibase-0C8B9FA4,Northern Crombec,Sylvietta brachyura,avibase-7542C6F1,Northern Crombec,Sylvietta brachyura
legacy-map-050,lump,curated_mapping,avibase-406E1A4D,White-bellied (Eastern) Crombec,Sylvietta (brachyura) leucopsis,avibase-7542C6F1,Northern Crombec,Sylvietta brachyura
legacy-map-051,lump,curated_mapping,avibase-CA02C9A1,Yellow-breasted Apalis,Apalis flavida (race pugnax),avibase-E70F9747,Yellow-breasted Apalis,Apalis flavida
legacy-map-051,lump,curated_mapping,avibase-8C13DA6F,Brown-tailed Apalis,Apalis (flavida) flavocincta,avibase-E70F9747,Yellow-breasted Apalis,Apalis flavida
legacy-map-052,replacement,curated_mapping,avibase-2C8B24B6,Rock-loving Cisticola,Cisticola aberrans,avibase-AB6AE581,Rock-loving Cisticola,Cisticola aberrans
legacy-map-053,replacement,curated_mapping,avibase-9AEEFA09,Wailing Cisticola,Cisticola lais,avibase-52B4F230,Lynes's Cisticola,Cisticola distinctus
legacy-map-054,replacement,curated_mapping,avibase-34E27C2A,African Reed Warbler,Acrocephalus baeticatus,avibase-3F0EE474,Common Reed Warbler,Acrocephalus scirpaceus
legacy-map-055,many_to_many,curated_mapping,avibase-F72A871F,Red-rumped Swallow,Cecropis daurica,avibase-91315CD4,African Red-rumped Swallow,Cecropis melanocrissus
legacy-map-055,many_to_many,curated_mapping,avibase-F72A871F,Red-rumped Swallow,Cecropis daurica,avibase-B4967714,European Red-rumped Swallow,Cecropis rufula
legacy-map-055,many_to_many,curated_mapping,avibase-94F9F616,Red-rumped Swallow,Cecropis daurica emini,avibase-91315CD4,African Red-rumped Swallow,Cecropis melanocrissus
legacy-map-056,replacement,curated_mapping,avibase-47DA0258,Rock Martin,Ptyonoprogne fuligula,avibase-A85102D3,Red-throated Rock Martin,Ptyonoprogne rufigula
legacy-map-057,replacement,curated_mapping,avibase-C73137EA,Yellow-throated Greenbul (Leaflove) ,Atimastillas flavicollis,avibase-04E77EEF,Pale-throated Greenbul,Atimastillas flavigula
legacy-map-058,split,curated_mapping,avibase-54A902B5,Mountain Greenbul,Arizelocichla nigriceps,avibase-1EEE86B8,Kikuyu Mountain Greenbul,Arizelocichla kikuyuensis
legacy-map-058,split,curated_mapping,avibase-54A902B5,Mountain Greenbul,Arizelocichla nigriceps,avibase-FC523946,Black-headed Mountain Greenbul,Arizelocichla nigriceps
legacy-map-059,replacement,curated_mapping,avibase-4996833A,Stripe-cheeked Greenbul,Arizelocichla milanjensis,avibase-9A80B57C,Olive-headed Greenbul,Arizelocichla striifacies
legacy-map-060,lump,curated_mapping,avibase-3029C547,Cabanis's Greenbul,Phyllastrephus cabanisi,avibase-24F71192,Cabanis's Greenbul,Phyllastrephus cabanisi
legacy-map-060,lump,curated_mapping,avibase-CF1DDF4E,Placid Greenbul,Phyllastrephus (cabanisi) placidus ,avibase-24F71192,Cabanis's Greenbul,Phyllastrephus cabanisi
legacy-map-061,lump,curated_mapping,avibase-ADC1F0C9,Common Bulbul,Pycnonotus barbatus,avibase-6ABDB635,Common Bulbul,Pycnonotus barbatus
legacy-map-061,lump,curated_mapping,avibase-B2F86107,Dodson’s Bulbul,Pycnonotus (barbatus) dodsoni,avibase-6ABDB635,Common Bulbul,Pycnonotus barbatus
legacy-map-062,replacement,curated_mapping,avibase-EAC8528E,Northern Yellow White-eye,Zosterops senegalensis,avibase-86F34425,Northern Yellow White-eye,Zosterops senegalensis
legacy-map-063,replacement,curated_mapping,avibase-BF3D3E26,Montane (Heuglin’s) White-eye,Zosterops poliogastrus (race kulalensis),avibase-52C60399,Kafa White-eye,Zosterops kaffensis
legacy-map-064,lump,curated_mapping,avibase-42C9B9B1,Black-lored Babbler,Turdoides sharpei sharpei ,avibase-7350FE4C,Black-lored Babbler,Turdoides sharpei
legacy-map-064,lump,curated_mapping,avibase-BE76A224,Black-lored (Mt. Kenya) Babbler,Turdoides (sharpei) vepres,avibase-7350FE4C,Black-lored Babbler,Turdoides sharpei
legacy-map-065,lump,curated_mapping,avibase-060AF4FA,Pale Flycatcher,Bradornis pallidus pallidus,avibase-FA03A965,Pale Flycatcher,Agricola pallidus
legacy-map-065,lump,curated_mapping,avibase-CAC5AD6C,Bafirawar’s Flycatcher,Bradornis (pallidus) bafirawari,avibase-FA03A965,Pale Flycatcher,Agricola pallidus
legacy-map-066,split,curated_mapping,avibase-26618AA1,Red-collared Widowbird,Euplectes ardens,avibase-6A1F6033,Red-cowled Widowbird,Euplectes laticauda
legacy-map-066,split,curated_mapping,avibase-26618AA1,Red-collared Widowbird,Euplectes ardens,avibase-26618AA1,Red-collared Widowbird,Euplectes ardens
legacy-map-067,replacement,curated_mapping,avibase-D029B521,Karamoja Apalis,Apalis karamojae,avibase-DCA0028B,Maasai Apalis,Apalis stronachi
legacy-map-068,replacement,curated_mapping,avibase-6DA05B66,Tropical Shearwater,Puffinus bailloni,avibase-198120BB,Persian Shearwater,Puffinus persicus
legacy-map-069,split,curated_mapping,avibase-BE3C45B5,Red-headed Weaver,Anaplectes rubriceps,avibase-ECE36984,Red Weaver,Anaplectes jubaensis
legacy-map-069,split,curated_mapping,avibase-BE3C45B5,Red-headed Weaver,Anaplectes rubriceps,avibase-4D19099B,Red-headed Weaver,Anaplectes rubriceps
stable-avibase-0018A99B,name_change,stable_avilist_id,avibase-0018A99B,Greyish Eagle Owl,Bubo (africanus) cinerascens,avibase-0018A99B,Greyish Eagle-Owl,Bubo cinerascens
stable-avibase-023D6E38,name_change,stable_avilist_id,avibase-023D6E38,Southern White-faced (Scops) Owl,Ptilopsis granti,avibase-023D6E38,Southern White-faced Owl,Ptilopsis granti
stable-avibase-02428AC1,name_change,stable_avilist_id,avibase-02428AC1,Black-and-white Casqued Hornbill,Bycanistes subcylindricus,avibase-02428AC1,Black-and-white-casqued Hornbill,Bycanistes subcylindricus
stable-avibase-034B2A6A,name_change,stable_avilist_id,avibase-034B2A6A,Pel's Fishing-Owl,Scotopelia peli,avibase-034B2A6A,Pel's Fishing Owl,Scotopelia peli
stable-avibase-074251A3,name_change,stable_avilist_id,avibase-074251A3,African Wattled Plover,Vanellus senegallus,avibase-074251A3,African Wattled Lapwing,Vanellus senegallus
stable-avibase-07F940AA,name_change,stable_avilist_id,avibase-07F940AA,Tropical Boubou,Laniarius (aethiopicus) major/ambiguus,avibase-07F940AA,Tropical Boubou,Laniarius major
stable-avibase-0868B50D,name_change,stable_avilist_id,avibase-0868B50D,Slate-coloured Boubou,Laniarius funebris,avibase-0868B50D,Slate-colored Boubou,Laniarius funebris
stable-avibase-0874B4D5,name_change,stable_avilist_id,avibase-0874B4D5,Black-rumped Buttonquail,Turnix hottentottus,avibase-0874B4D5,Black-rumped Buttonquail,Turnix nanus
stable-avibase-09A0F2EB,name_change,stable_avilist_id,avibase-09A0F2EB,African Crake,Crex egregia,avibase-09A0F2EB,African Crake,Crecopsis egregia
stable-avibase-0B4F3AA2,name_change,stable_avilist_id,avibase-0B4F3AA2,Amani Sunbird,Anthodiaeta pallidigaster ,avibase-0B4F3AA2,Amani Sunbird,Hedydipna pallidigaster
stable-avibase-0BC36521,name_change,stable_avilist_id,avibase-0BC36521,Doherty's Bushshrike,Telephorus dohertyi,avibase-0BC36521,Doherty's Bushshrike,Telophorus dohertyi
stable-avibase-0C571D99,name_change,stable_avilist_id,avibase-0C571D99,Cinnamon-breasted Bunting,Fringillaria tahapisi,avibase-0C571D99,Cinnamon-breasted Bunting,Emberiza tahapisi
stable-avibase-0CEB2DA6,name_change,stable_avilist_id,avibase-0CEB2DA6,Northern Grosbeak Canary,Crithagra donaldsoni,avibase-0CEB2DA6,Northern Grosbeak-Canary,Crithagra donaldsoni
stable-avibase-0D7CC717,name_change,stable_avilist_id,avibase-0D7CC717,Grassland Pipit,Anthus cinnamomeus,avibase-0D7CC717,African Pipit,Anthus cinnamomeus
stable-avibase-0DCD05BE,name_change,stable_avilist_id,avibase-0DCD05BE,Lesser Whitethroat,Sylvia curruca,avibase-0DCD05BE,Lesser Whitethroat,Curruca curruca
stable-avibase-0EA5F2E1,name_change,stable_avilist_id,avibase-0EA5F2E1,Ansorge's Greenbul,Eurillas ansorgei (race kavirondensis),avibase-0EA5F2E1,Ansorge's Greenbul,Eurillas ansorgei
stable-avibase-0ECD9D58,name_change,stable_avilist_id,avibase-0ECD9D58,Brown (Meyer’s) Parrot ,Poicephalus meyeri,avibase-0ECD9D58,Meyer's Parrot,Poicephalus meyeri
stable-avibase-0F0DCC2F,name_change,stable_avilist_id,avibase-0F0DCC2F,Kittlitz’s Plover,Charadrius pecuarius,avibase-0F0DCC2F,Kittlitz's Plover,Anarhynchus pecuarius
stable-avibase-0F14ECE4,name_change,stable_avilist_id,avibase-0F14ECE4,African Open-billed Stork,Anastomus lamelligerus,avibase-0F14ECE4,African Openbill,Anastomus lamelligerus
stable-avibase-0F42F11A,name_change,stable_avilist_id,avibase-0F42F11A,Eurasian (Great) Bittern,Botaurus stellaris,avibase-0F42F11A,Eurasian Bittern,Botaurus stellaris
stable-avibase-10B14696,name_change,stable_avilist_id,avibase-10B14696,Eastern Grey Plantain-eater,Crinifer zonurus,avibase-10B14696,Eastern Plantain-eater,Crinifer zonurus
stable-avibase-1192205B,name_change,stable_avilist_id,avibase-1192205B,Crested (Oriental) Honey Buzzard,Pernis ptilorhynchus,avibase-1192205B,Crested Honey Buzzard,Pernis ptilorhynchus
stable-avibase-11FE7313,name_change,stable_avilist_id,avibase-11FE7313,Fork-tailed (Common) Drongo,Dicrurus adsimilis,avibase-11FE7313,Fork-tailed Drongo,Dicrurus adsimilis
stable-avibase-126E0CFA,name_change,stable_avilist_id,avibase-126E0CFA,Shelley’s Sparrow,Passer (cordofanicus) shelleyi,avibase-126E0CFA,Shelley's Sparrow,Passer shelleyi
stable-avibase-132E0773,name_change,stable_avilist_id,avibase-132E0773,Uganda Woodland Warbler,Seicercus budongoensis,avibase-132E0773,Uganda Woodland Warbler,Phylloscopus budongoensis
stable-avibase-1350773F,name_change,stable_avilist_id,avibase-1350773F,Abbott’s Starling,Poeoptera femoralis ,avibase-1350773F,Abbott's Starling,Arizelopsar femoralis
stable-avibase-13967506,name_change,stable_avilist_id,avibase-13967506,Striped Crake,Amaurornis marginalis,avibase-13967506,Striped Crake,Aenigmatolimnas marginalis
stable-avibase-14AFBA82,name_change,stable_avilist_id,avibase-14AFBA82,Common Whitethroat,Sylvia communis,avibase-14AFBA82,Common Whitethroat,Curruca communis
stable-avibase-1611F295,name_change,stable_avilist_id,avibase-1611F295,Collared Sunbird,Anthodiaeta collaris,avibase-1611F295,Collared Sunbird,Hedydipna collaris
stable-avibase-16BD42DD,name_change,stable_avilist_id,avibase-16BD42DD,White-browed Robin Chat,Cossypha heuglini,avibase-16BD42DD,White-browed Robin-Chat,Cossypha heuglini
stable-avibase-16FEF081,name_change,stable_avilist_id,avibase-16FEF081,Brown Parisoma,Sylvia lugens,avibase-16FEF081,Brown Parisoma,Curruca lugens
stable-avibase-17310BF0,name_change,stable_avilist_id,avibase-17310BF0,Little Tern,Sternula (albifrons) albifrons,avibase-17310BF0,Little Tern,Sternula albifrons
stable-avibase-18A19380,name_change,stable_avilist_id,avibase-18A19380,Grey Phalarope,Phalaropus fulicarius,avibase-18A19380,Red Phalarope,Phalaropus fulicarius
stable-avibase-19D053B3,name_change,stable_avilist_id,avibase-19D053B3,Yellow-backed Weaver,Ploceus melanocephalus,avibase-19D053B3,Black-headed Weaver,Ploceus melanocephalus
stable-avibase-1A0ECB6E,name_change,stable_avilist_id,avibase-1A0ECB6E,Shikra,Accipiter badius,avibase-1A0ECB6E,Shikra,Tachyspiza badia
stable-avibase-1A6B766A,name_change,stable_avilist_id,avibase-1A6B766A,Green-backed Twinspot,Mandingoa nitidula,avibase-1A6B766A,Green Twinspot,Mandingoa nitidula
stable-avibase-1B11690B,name_change,stable_avilist_id,avibase-1B11690B,Scaly Francolin,Pternistis squamatus,avibase-1B11690B,Scaly Spurfowl,Pternistis squamatus
stable-avibase-1D446440,name_change,stable_avilist_id,avibase-1D446440,Long-tailed Skua,Stercorarius longicaudus,avibase-1D446440,Long-tailed Jaeger,Stercorarius longicaudus
stable-avibase-1E7CADC2,name_change,stable_avilist_id,avibase-1E7CADC2,Miombo (Pale) Wren Warbler,Calamonastes undosus,avibase-1E7CADC2,Miombo Wren-Warbler,Calamonastes undosus
stable-avibase-1EA60B94,name_change,stable_avilist_id,avibase-1EA60B94,Barred Warbler,Sylvia nisoria,avibase-1EA60B94,Barred Warbler,Curruca nisoria
stable-avibase-1EEE86B8,name_change,stable_avilist_id,avibase-1EEE86B8,Olive-breasted Mountain Greenbul,Arizelocichla (nigriceps) kikuyuensis,avibase-1EEE86B8,Kikuyu Mountain Greenbul,Arizelocichla kikuyuensis
stable-avibase-1FDDABDB,name_change,stable_avilist_id,avibase-1FDDABDB,Speckled Mousebird,Colius striatus (race kikuyuensis),avibase-1FDDABDB,Speckled Mousebird,Colius striatus
stable-avibase-214B3533,name_change,stable_avilist_id,avibase-214B3533,White-fronted Plover,Charadrius marginatus,avibase-214B3533,White-fronted Plover,Anarhynchus marginatus
stable-avibase-215428B0,name_change,stable_avilist_id,avibase-215428B0,Bare-faced Go-away-bird,Corythaixoides personatus,avibase-215428B0,Bare-faced Go-away-bird,Crinifer personatus
stable-avibase-2247CB05,name_change,stable_avilist_id,avibase-2247CB05,Common Ostrich,Struthio camelus (race camelus),avibase-2247CB05,Common Ostrich,Struthio camelus
stable-avibase-22832FF4,name_change,stable_avilist_id,avibase-22832FF4,African Swallow-tailed Kite,Chelictinia riocourii,avibase-22832FF4,Scissor-tailed Kite,Chelictinia riocourii
stable-avibase-22952180,name_change,stable_avilist_id,avibase-22952180,Schalow's Turaco,Tauraco Schalowi,avibase-22952180,Schalow's Turaco,Tauraco schalowi
stable-avibase-230A0342,name_change,stable_avilist_id,avibase-230A0342,White-starred Robin,Pogonocichla stellata (race macarthuri),avibase-230A0342,White-starred Robin,Pogonocichla stellata
stable-avibase-2379E3EB,name_change,stable_avilist_id,avibase-2379E3EB,Taveta Golden Weaver,Ploceus castaneiceps,avibase-2379E3EB,Taveta Weaver,Ploceus castaneiceps
stable-avibase-23D5FC36,name_change,stable_avilist_id,avibase-23D5FC36,Blue-spotted Wood-Dove,Turtur afer,avibase-23D5FC36,Blue-spotted Wood Dove,Turtur afer
stable-avibase-24208346,name_change,stable_avilist_id,avibase-24208346,Rose-coloured Starling,Pastor roseus,avibase-24208346,Rosy Starling,Pastor roseus
stable-avibase-2470FC01,name_change,stable_avilist_id,avibase-2470FC01,Fan-tailed Grassbird,Schoenicola brevirostris,avibase-2470FC01,Fan-tailed Grassbird,Catriscus brevirostris
stable-avibase-250123FB,name_change,stable_avilist_id,avibase-250123FB,African Long-eared (Abyssinian) Owl,Asio abyssinicus,avibase-250123FB,Abyssinian Owl,Asio abyssinicus
stable-avibase-25C26AB9,name_change,stable_avilist_id,avibase-25C26AB9,Grey-winged Robin,Sheppardia polioptera,avibase-25C26AB9,Grey-winged Robin-Chat,Sheppardia polioptera
stable-avibase-2624054E,name_change,stable_avilist_id,avibase-2624054E,Rufous-crowned Roller,Coracias naevius,avibase-2624054E,Purple Roller,Coracias naevius
stable-avibase-264D0351,name_change,stable_avilist_id,avibase-264D0351,Caspian Plover,Charadrius asiaticus,avibase-264D0351,Caspian Plover,Anarhynchus asiaticus
stable-avibase-2700C97D,name_change,stable_avilist_id,avibase-2700C97D,Yellow-crested Woodpecker,Chloropicos xantholophus,avibase-2700C97D,Yellow-crested Woodpecker,Chloropicus xantholophus
stable-avibase-28CACA8F,name_change,stable_avilist_id,avibase-28CACA8F,Green Wood-hoopoe,Phoeniculus purpureus,avibase-28CACA8F,Green Wood Hoopoe,Phoeniculus purpureus
stable-avibase-295B9665,name_change,stable_avilist_id,avibase-295B9665,Kenrick's Starling,Poeoptera kenricki (race bensoni),avibase-295B9665,Kenrick's Starling,Poeoptera kenricki
stable-avibase-29D50ED5,name_change,stable_avilist_id,avibase-29D50ED5,Heuglin's Courser,Rhinoptilus cinctus,avibase-29D50ED5,Three-banded Courser,Rhinoptilus cinctus
stable-avibase-2A2CC7B3,name_change,stable_avilist_id,avibase-2A2CC7B3,Kilifi (Clarke’s) Weaver,Ploceus golandi,avibase-2A2CC7B3,Kilifi Weaver,Ploceus golandi
stable-avibase-2AA4BC58,name_change,stable_avilist_id,avibase-2AA4BC58,White-bellied Go-away-bird,Criniferoides leucogaster,avibase-2AA4BC58,White-bellied Go-away-bird,Crinifer leucogaster
stable-avibase-2B55E679,name_change,stable_avilist_id,avibase-2B55E679,Swahili Sparrow,Passer (griseus) suahelicus,avibase-2B55E679,Swahili Sparrow,Passer suahelicus
stable-avibase-2C504059,name_change,stable_avilist_id,avibase-2C504059,Chestnut-crowned Sparrow Weaver,Plocepasser superciliosus,avibase-2C504059,Chestnut-crowned Sparrow-Weaver,Plocepasser superciliosus
stable-avibase-2C7BA3A6,name_change,stable_avilist_id,avibase-2C7BA3A6,Ross's Turaco,Musophaga rossae,avibase-2C7BA3A6,Ross's Turaco,Tauraco rossae
stable-avibase-2CC91390,name_change,stable_avilist_id,avibase-2CC91390,Black-bellied Seed-cracker,Pyrenestes ostrinus,avibase-2CC91390,Black-bellied Seedcracker,Pyrenestes ostrinus
stable-avibase-2F23EDC6,name_change,stable_avilist_id,avibase-2F23EDC6,Blacksmith Plover,Vanellus armatus,avibase-2F23EDC6,Blacksmith Lapwing,Vanellus armatus
stable-avibase-2F66131B,name_change,stable_avilist_id,avibase-2F66131B,Chestnut-headed Sparrow Lark,Eremopterix signatus,avibase-2F66131B,Chestnut-headed Sparrow-Lark,Eremopterix signatus
stable-avibase-30FEC6BE,name_change,stable_avilist_id,avibase-30FEC6BE,Common House Martin,Delichon urbicum,avibase-30FEC6BE,Western House Martin,Delichon urbicum
stable-avibase-3153FE22,name_change,stable_avilist_id,avibase-3153FE22,Long-tailed Widowbird,Euplectes progne (race delamerei),avibase-3153FE22,Long-tailed Widowbird,Euplectes progne
stable-avibase-3402C9BB,name_change,stable_avilist_id,avibase-3402C9BB,Sooty Boubou,Laniarius leucorhynchus,avibase-3402C9BB,Lowland Sooty Boubou,Laniarius leucorhynchus
stable-avibase-341298B9,name_change,stable_avilist_id,avibase-341298B9,Weyn’s Weaver ,Ploceus weynsi,avibase-341298B9,Weyns's Weaver,Ploceus weynsi
stable-avibase-345658E9,name_change,stable_avilist_id,avibase-345658E9,Spotted Morning (Spotted Palm) Thrush,Cichladusa guttata,avibase-345658E9,Spotted Palm Thrush,Cichladusa guttata
stable-avibase-35A1472C,name_change,stable_avilist_id,avibase-35A1472C,African Goshawk,Accipiter tachiro,avibase-35A1472C,African Goshawk,Aerospiza tachiro
stable-avibase-35D60F12,name_change,stable_avilist_id,avibase-35D60F12,Kenya Crested Guineafowl,Guttera pucherani pucherani,avibase-35D60F12,Eastern Crested Guineafowl,Guttera pucherani
stable-avibase-35EC3BBF,name_change,stable_avilist_id,avibase-35EC3BBF,Little Ringed Plover,Charadrius dubius,avibase-35EC3BBF,Little Ringed Plover,Thinornis dubius
stable-avibase-3846F8A8,name_change,stable_avilist_id,avibase-3846F8A8,Red-capped Robin Chat,Cossypha natalensis,avibase-3846F8A8,Red-capped Robin-Chat,Cossypha natalensis
stable-avibase-39086887,name_change,stable_avilist_id,avibase-39086887,Arctic Skua,Stercorarius parasiticus,avibase-39086887,Parasitic Jaeger,Stercorarius parasiticus
stable-avibase-3A46A20C,name_change,stable_avilist_id,avibase-3A46A20C,Southern Yellowbill (Green Malkoha),Ceuthmochares australis,avibase-3A46A20C,Green Malkoha,Ceuthmochares australis
stable-avibase-3B66D504,name_change,stable_avilist_id,avibase-3B66D504,Yellow-bellied Wattle-eye,Dyaphorophyia concreta,avibase-3B66D504,Yellow-bellied Wattle-eye,Platysteira concreta
stable-avibase-3C12AA44,name_change,stable_avilist_id,avibase-3C12AA44,White-backed Night Heron,Gorsachius leuconotus,avibase-3C12AA44,White-backed Night Heron,Calherodius leuconotus
stable-avibase-3D25568A,name_change,stable_avilist_id,avibase-3D25568A,Elgon Francolin,Scleroptila elgonensis (race theresae),avibase-3D25568A,Elgon Francolin,Scleroptila elgonensis
stable-avibase-3F0EE474,name_change,stable_avilist_id,avibase-3F0EE474,Eurasian Reed Warbler,Acrocephalus scirpaceus,avibase-3F0EE474,Common Reed Warbler,Acrocephalus scirpaceus
stable-avibase-418C7CCB,name_change,stable_avilist_id,avibase-418C7CCB,Western Black-headed Oriole,Oriolus brachyrynchus,avibase-418C7CCB,Western Oriole,Oriolus brachyrynchus
stable-avibase-419AEB97,name_change,stable_avilist_id,avibase-419AEB97,Masked Lark,Spizocorys personata (races intensa and mcchesneyi),avibase-419AEB97,Masked Lark,Spizocorys personata
stable-avibase-428DA7CD,name_change,stable_avilist_id,avibase-428DA7CD,Northern Olive (Abyssinian) Thrush,Turdus abyssinicus,avibase-428DA7CD,Abyssinian Thrush,Turdus abyssinicus
stable-avibase-42D3918F,name_change,stable_avilist_id,avibase-42D3918F,Senegal Plover,Vanellus lugubris,avibase-42D3918F,Senegal Lapwing,Vanellus lugubris
stable-avibase-439FE608,name_change,stable_avilist_id,avibase-439FE608,Double-toothed Barbet,Pogornornis bidentatus,avibase-439FE608,Double-toothed Barbet,Pogonornis bidentatus
stable-avibase-43CAAEE3,name_change,stable_avilist_id,avibase-43CAAEE3,White-winged Black Tern,Chlidonias leucopterus,avibase-43CAAEE3,White-winged Tern,Chlidonias leucopterus
stable-avibase-45C55FDE,name_change,stable_avilist_id,avibase-45C55FDE,Orange Ground Thrush,Zoothera gurneyi (race raineyi),avibase-45C55FDE,Orange Ground Thrush,Geokichla gurneyi
stable-avibase-4971D1EF,name_change,stable_avilist_id,avibase-4971D1EF,Heuglin’s Bustard,Ardeotis heuglinii,avibase-4971D1EF,Heuglin's Bustard,Neotis heuglinii
stable-avibase-49D9148A,name_change,stable_avilist_id,avibase-49D9148A,Great White Egret,Ardea alba,avibase-49D9148A,Great Egret,Ardea alba
stable-avibase-4C7B3D81,name_change,stable_avilist_id,avibase-4C7B3D81,Bush Pipit,Anthus caffer,avibase-4C7B3D81,Bushveld Pipit,Anthus caffer
stable-avibase-4FD242D0,name_change,stable_avilist_id,avibase-4FD242D0,Gabon Nightjar,Caprimulgus fossii,avibase-4FD242D0,Square-tailed Nightjar,Caprimulgus fossii
stable-avibase-4FDBC0CB,name_change,stable_avilist_id,avibase-4FDBC0CB,Denham’s Bustard,Ardeotis denhami ,avibase-4FDBC0CB,Denham's Bustard,Neotis denhami
stable-avibase-4FE76868,name_change,stable_avilist_id,avibase-4FE76868,Black-headed Apalis,Apalis melanocephala (race nigrodorsalis),avibase-4FE76868,Black-headed Apalis,Apalis melanocephala
stable-avibase-5011E123,name_change,stable_avilist_id,avibase-5011E123,Donaldson Smith's Sparrow Weaver,Plocepasser donaldsoni,avibase-5011E123,Donaldson Smith's Sparrow-Weaver,Plocepasser donaldsoni
stable-avibase-50490520,name_change,stable_avilist_id,avibase-50490520,Peter's Twinspot,Hypargos niveoguttatus,avibase-50490520,Red-throated Twinspot,Hypargos niveoguttatus
stable-avibase-50BF77FB,name_change,stable_avilist_id,avibase-50BF77FB,Black-cheeked Waxbill,Estrilda charmosyna,avibase-50BF77FB,Black-cheeked Waxbill,Brunhilda charmosyna
stable-avibase-5108E1D3,name_change,stable_avilist_id,avibase-5108E1D3,Western Citril,Crithagra (citrinelloides) frontalis,avibase-5108E1D3,Western Citril,Crithagra frontalis
stable-avibase-51FD3E3C,name_change,stable_avilist_id,avibase-51FD3E3C,Cassin's Hawk Eagle,Aquila africana,avibase-51FD3E3C,Cassin's Hawk-Eagle,Aquila africana
stable-avibase-526978C4,name_change,stable_avilist_id,avibase-526978C4,Greater Crested (Swift) Tern, Thalasseus bergii,avibase-526978C4,Greater Crested Tern,Thalasseus bergii
stable-avibase-5351025C,name_change,stable_avilist_id,avibase-5351025C,Thekla Lark,Galerida theklae,avibase-5351025C,Thekla's Lark,Galerida theklae
stable-avibase-53EABB81,name_change,stable_avilist_id,avibase-53EABB81,Rüppell's Robin Chat,Cossypha semirufa,avibase-53EABB81,Rüppell's Robin-Chat,Cossypha semirufa
stable-avibase-550DE745,name_change,stable_avilist_id,avibase-550DE745,Sacred Ibis,Threskiornis aethiopicus,avibase-550DE745,African Sacred Ibis,Threskiornis aethiopicus
stable-avibase-56209052,name_change,stable_avilist_id,avibase-56209052,Blue Crested-flycatcher,Elminia longicauda,avibase-56209052,African Blue Flycatcher,Elminia longicauda
stable-avibase-562E17AB,name_change,stable_avilist_id,avibase-562E17AB,Cape Rook,Corvus capensis,avibase-562E17AB,Cape Crow,Corvus capensis
stable-avibase-572C4C7F,name_change,stable_avilist_id,avibase-572C4C7F,Wood Warbler,Rhadina sibilatrix,avibase-572C4C7F,Wood Warbler,Phylloscopus sibilatrix
stable-avibase-5983D677,name_change,stable_avilist_id,avibase-5983D677,Yellow Wagtail,Motacilla flava,avibase-5983D677,Western Yellow Wagtail,Motacilla flava
stable-avibase-5A58B69A,name_change,stable_avilist_id,avibase-5A58B69A,East Coast (Pale) Batis,Batis soror,avibase-5A58B69A,Pale Batis,Batis soror
stable-avibase-5A94FEAE,name_change,stable_avilist_id,avibase-5A94FEAE,Red-tailed Bristlebill,Bleda syndactyla,avibase-5A94FEAE,Red-tailed Bristlebill,Bleda syndactylus
stable-avibase-5B443EDE,name_change,stable_avilist_id,avibase-5B443EDE,African Water Rail,Rallus caerulescens,avibase-5B443EDE,African Rail,Rallus caerulescens
stable-avibase-5C54F8C9,name_change,stable_avilist_id,avibase-5C54F8C9,Dusky Tit,Parus funereus,avibase-5C54F8C9,Dusky Tit,Melaniparus funereus
stable-avibase-5C70AA7D,name_change,stable_avilist_id,avibase-5C70AA7D,Pale-eyed (White-shouldered) Black Tit,Melaniparus guineensis,avibase-5C70AA7D,White-shouldered Black Tit,Melaniparus guineensis
stable-avibase-5D82C13B,name_change,stable_avilist_id,avibase-5D82C13B,Slender-billed Greenbul,Stelgidillas gracilirostris (race percivali),avibase-5D82C13B,Slender-billed Greenbul,Stelgidillas gracilirostris
stable-avibase-5EA2B90C,name_change,stable_avilist_id,avibase-5EA2B90C,Grey Tit-flycatcher (Lead-coloured Flycatcher),Fraseria plumbea,avibase-5EA2B90C,Grey Tit-Flycatcher,Fraseria plumbea
stable-avibase-60A39CF9,name_change,stable_avilist_id,avibase-60A39CF9,Spotted Ground Thrush,Zoothera guttata,avibase-60A39CF9,Spotted Ground Thrush,Geokichla guttata
stable-avibase-610FFD8E,name_change,stable_avilist_id,avibase-610FFD8E,Northern Grey Tit,Parus thruppi,avibase-610FFD8E,Acacia Tit,Melaniparus thruppi
stable-avibase-61CECCA7,name_change,stable_avilist_id,avibase-61CECCA7,Somali Short-toed Lark,Alaudala somalica (includes the race athensis),avibase-61CECCA7,Somali Short-toed Lark,Alaudala somalica
stable-avibase-61F0E581,name_change,stable_avilist_id,avibase-61F0E581,Chestnut-banded Plover,Charadrius pallidus (race venustus),avibase-61F0E581,Chestnut-banded Plover,Anarhynchus pallidus
stable-avibase-61F9065B,name_change,stable_avilist_id,avibase-61F9065B,Blackcap,Sylvia atricapilla,avibase-61F9065B,Eurasian Blackcap,Sylvia atricapilla
stable-avibase-641068BB,name_change,stable_avilist_id,avibase-641068BB,Grey-headed Bush-Shrike,Malaconotus blanchoti,avibase-641068BB,Grey-headed Bushshrike,Malaconotus blanchoti
stable-avibase-648936C0,name_change,stable_avilist_id,avibase-648936C0,African Cuckoo Hawk,Aviceda cuculoides,avibase-648936C0,African Cuckoo-Hawk,Aviceda cuculoides
stable-avibase-64DDD14D,name_change,stable_avilist_id,avibase-64DDD14D,Demoiselle Crane,Anthropoides virgo,avibase-64DDD14D,Demoiselle Crane,Grus virgo
stable-avibase-65FE8029,name_change,stable_avilist_id,avibase-65FE8029,African White-winged Dove,Streptopelia reichenowi ,avibase-65FE8029,White-winged Collared Dove,Streptopelia reichenowi
stable-avibase-66AA3934,name_change,stable_avilist_id,avibase-66AA3934,Eurasian Bee-eater,Merops apiaster,avibase-66AA3934,European Bee-eater,Merops apiaster
stable-avibase-68A80086,name_change,stable_avilist_id,avibase-68A80086,Black-billed Wood-hoopoe,Phoeniculus somaliensis,avibase-68A80086,Black-billed Wood Hoopoe,Phoeniculus somaliensis
stable-avibase-69661C7D,name_change,stable_avilist_id,avibase-69661C7D,African Orange-bellied Parrot,Poicephalus rufiventris,avibase-69661C7D,Red-bellied Parrot,Poicephalus rufiventris
stable-avibase-69EB514A,name_change,stable_avilist_id,avibase-69EB514A,Reichenow's Seedeater [Yellow-rumped],Crithagra reichenowi,avibase-69EB514A,Reichenow's Seedeater,Crithagra reichenowi
stable-avibase-6A64EFCB,name_change,stable_avilist_id,avibase-6A64EFCB,Red-necked Falcon,Falco chiquera,avibase-6A64EFCB,Red-necked Falcon,Falco chicquera
stable-avibase-6ADB636C,name_change,stable_avilist_id,avibase-6ADB636C,Heuglin's Wheatear,Oenanthe heuglini,avibase-6ADB636C,Heuglin's Wheatear,Oenanthe heuglinii
stable-avibase-6E352E18,name_change,stable_avilist_id,avibase-6E352E18,Pied Flycatcher,Ficedula hypoleuca,avibase-6E352E18,European Pied Flycatcher,Ficedula hypoleuca
stable-avibase-6E95C4A9,name_change,stable_avilist_id,avibase-6E95C4A9,African Dusky Flycatcher,Muscicapa adusta (race marsabit),avibase-6E95C4A9,African Dusky Flycatcher,Muscicapa adusta
stable-avibase-6F967270,name_change,stable_avilist_id,avibase-6F967270,Mouse-coloured Penduline-Tit,Anthoscopus musculus,avibase-6F967270,Mouse-colored Penduline Tit,Anthoscopus musculus
stable-avibase-70129CB1,name_change,stable_avilist_id,avibase-70129CB1,Rosy-breasted Longclaw,Macronyx ameliae,avibase-70129CB1,Rosy-throated Longclaw,Macronyx ameliae
stable-avibase-70BD722B,name_change,stable_avilist_id,avibase-70BD722B,African Mourning Dove,Streptopelia decipiens,avibase-70BD722B,Mourning Collared Dove,Streptopelia decipiens
stable-avibase-72386016,name_change,stable_avilist_id,avibase-72386016,Somali Bunting,Fringillaria poliopleura,avibase-72386016,Somali Bunting,Emberiza poliopleura
stable-avibase-724266B4,name_change,stable_avilist_id,avibase-724266B4,Brown-breasted Barbet,Pogornornis melanopterus,avibase-724266B4,Brown-breasted Barbet,Pogonornis melanopterus
stable-avibase-73BD4B29,name_change,stable_avilist_id,avibase-73BD4B29,Irania,Irania gutturalis,avibase-73BD4B29,White-throated Robin,Irania gutturalis
stable-avibase-7451A628,name_change,stable_avilist_id,avibase-7451A628,Eurasian Roller,Coracias garrulus,avibase-7451A628,European Roller,Coracias garrulus
stable-avibase-7471E71D,name_change,stable_avilist_id,avibase-7471E71D,Red-billed Oxpecker,Buphagus erythrorhynchus,avibase-7471E71D,Red-billed Oxpecker,Buphagus erythroryncha
stable-avibase-76B512B1,name_change,stable_avilist_id,avibase-76B512B1,Rüppell’s Vulture,Gyps rueppellii ,avibase-76B512B1,Rüppell's Vulture,Gyps rueppelli
stable-avibase-76FAC9A5,name_change,stable_avilist_id,avibase-76FAC9A5,Violet Wood-Hoopoe,Phoeniculus damarensis,avibase-76FAC9A5,Violet Wood Hoopoe,Phoeniculus damarensis
stable-avibase-77D82F60,name_change,stable_avilist_id,avibase-77D82F60,Bearded Woodpecker,Chloropicos namaquus,avibase-77D82F60,Bearded Woodpecker,Chloropicus namaquus
stable-avibase-79A45DAF,name_change,stable_avilist_id,avibase-79A45DAF,Sombre (Zanzibar) Greenbul ,Andropadus importunus,avibase-79A45DAF,Sombre Greenbul,Andropadus importunus
stable-avibase-7AAD57AC,name_change,stable_avilist_id,avibase-7AAD57AC,Little Bittern,Ixobrychus minutus,avibase-7AAD57AC,Little Bittern,Botaurus minutus
stable-avibase-7CB8F5B7,name_change,stable_avilist_id,avibase-7CB8F5B7,Pomarine Skua,Stercorarius pomarinus,avibase-7CB8F5B7,Pomarine Jaeger,Stercorarius pomarinus
stable-avibase-7D340BF9,name_change,stable_avilist_id,avibase-7D340BF9,Turner’s Eremomela,Eremomela turneri (race turneri),avibase-7D340BF9,Turner's Eremomela,Eremomela turneri
stable-avibase-7D6F12FE,name_change,stable_avilist_id,avibase-7D6F12FE,Grey-headed Silverbill,Odontospiza griseicapilla,avibase-7D6F12FE,Grey-headed Silverbill,Spermestes griseicapilla
stable-avibase-7DC78D7A,name_change,stable_avilist_id,avibase-7DC78D7A,Jameson's Wattle-eye,Dyaphorophyia jamesoni,avibase-7DC78D7A,Jameson's Wattle-eye,Platysteira jamesoni
stable-avibase-7DCA1C1E,name_change,stable_avilist_id,avibase-7DCA1C1E,Marsh Tchagra,Bocagia minuta (race reichenowi),avibase-7DCA1C1E,Marsh Tchagra,Bocagia minuta
stable-avibase-7DF00403,name_change,stable_avilist_id,avibase-7DF00403,Ayres’s Hawk Eagle,Hieraaetus ayresii,avibase-7DF00403,Ayres's Hawk-Eagle,Hieraaetus ayresii
stable-avibase-7E257242,name_change,stable_avilist_id,avibase-7E257242,Corncrake,Crex crex,avibase-7E257242,Corn Crake,Crex crex
stable-avibase-8004C7E5,name_change,stable_avilist_id,avibase-8004C7E5,Crested Francolin,Dendroperdix sephaena,avibase-8004C7E5,Crested Francolin,Ortygornis sephaena
stable-avibase-80D4B0FE,name_change,stable_avilist_id,avibase-80D4B0FE,Eurasian Nightjar,Caprimulgus europaeus,avibase-80D4B0FE,European Nightjar,Caprimulgus europaeus
stable-avibase-81474844,name_change,stable_avilist_id,avibase-81474844,Chestnut-naped Francolin,Pternistis castaneicollis (race atrifrons),avibase-81474844,Chestnut-naped Spurfowl,Pternistis castaneicollis
stable-avibase-819AB823,name_change,stable_avilist_id,avibase-819AB823,Great (Black) Sparrowhawk,Accipiter melanoleucus,avibase-819AB823,Black Sparrowhawk,Astur melanoleucus
stable-avibase-81DB7410,name_change,stable_avilist_id,avibase-81DB7410,Lammergeier,Gypaetus barbatus,avibase-81DB7410,Bearded Vulture,Gypaetus barbatus
stable-avibase-83D95620,name_change,stable_avilist_id,avibase-83D95620,Black-winged Plover,Vanellus melanopterus,avibase-83D95620,Black-winged Lapwing,Vanellus melanopterus
stable-avibase-84249EE3,name_change,stable_avilist_id,avibase-84249EE3,Sharpe’s Square-tailed Drongo,Dicrurus sharpei,avibase-84249EE3,Sharpe's Drongo,Dicrurus sharpei
stable-avibase-842FF43C,name_change,stable_avilist_id,avibase-842FF43C,Black-faced Waxbill,Estrilda erythronotos,avibase-842FF43C,Black-faced Waxbill,Brunhilda erythronotos
stable-avibase-8492E4B7,name_change,stable_avilist_id,avibase-8492E4B7,Levant Sparrowhawk,Accipiter brevipes,avibase-8492E4B7,Levant Sparrowhawk,Tachyspiza brevipes
stable-avibase-866D07A0,name_change,stable_avilist_id,avibase-866D07A0,Northern White-crowned Shrike,Eurocephalus rueppelli,avibase-866D07A0,Northern White-crowned Shrike,Eurocephalus ruppelli
stable-avibase-87EEBD3E,name_change,stable_avilist_id,avibase-87EEBD3E,Dwarf Bittern,Ixobrychus sturmii,avibase-87EEBD3E,Dwarf Bittern,Botaurus sturmii
stable-avibase-881C954D,name_change,stable_avilist_id,avibase-881C954D,Brown-chested Plover,Vanellus superciliosus,avibase-881C954D,Brown-chested Lapwing,Vanellus superciliosus
stable-avibase-8B7A6FE9,name_change,stable_avilist_id,avibase-8B7A6FE9,Brown-chested Alethe,Chaemaetylas poliocephala (race akeleyae),avibase-8B7A6FE9,Brown-chested Alethe,Chamaetylas poliocephala
stable-avibase-8DAF86A1,name_change,stable_avilist_id,avibase-8DAF86A1,Three-banded Plover,Charadrius tricollaris,avibase-8DAF86A1,Three-banded Plover,Thinornis tricollaris
stable-avibase-8DB3F1A2,name_change,stable_avilist_id,avibase-8DB3F1A2,Wahlberg's Honeybird,Prodotiscus regulus,avibase-8DB3F1A2,Brown-backed Honeybird,Prodotiscus regulus
stable-avibase-8E5252EB,name_change,stable_avilist_id,avibase-8E5252EB,African Quailfinch,Ortygospiza atricollis,avibase-8E5252EB,Quailfinch,Ortygospiza atricollis
stable-avibase-8E833C63,name_change,stable_avilist_id,avibase-8E833C63,Archer’s Francolin ,Scleroptila gutturalis,avibase-8E833C63,Orange River Francolin,Scleroptila gutturalis
stable-avibase-8E8B3DB9,name_change,stable_avilist_id,avibase-8E8B3DB9,Thick-billed Seedeater,Crithagra burtoni (race albifrons),avibase-8E8B3DB9,Thick-billed Seedeater,Crithagra burtoni
stable-avibase-8EB0AB41,name_change,stable_avilist_id,avibase-8EB0AB41,Moorland (Alpine) Chat,Pinarochroa sordida,avibase-8EB0AB41,Moorland Chat,Pinarochroa sordida
stable-avibase-902E9F69,name_change,stable_avilist_id,avibase-902E9F69,Eastern Grey (Grey-headed) Woodpecker,Mesopicus spodocephalus ,avibase-902E9F69,Eastern Grey Woodpecker,Dendropicos spodocephalus
stable-avibase-90D0D245,name_change,stable_avilist_id,avibase-90D0D245,Black-headed Batis,Batis minor,avibase-90D0D245,Eastern Black-headed Batis,Batis minor
stable-avibase-9164F314,name_change,stable_avilist_id,avibase-9164F314,Chestnut-backed Sparrow Lark,Eremopterix leucotis,avibase-9164F314,Chestnut-backed Sparrow-Lark,Eremopterix leucotis
stable-avibase-92908926,name_change,stable_avilist_id,avibase-92908926,Bearded Scrub Robin,Cercotrichas quadrivirgata,avibase-92908926,Bearded Scrub Robin,Tychaedon quadrivirgata
stable-avibase-92FDBAF0,name_change,stable_avilist_id,avibase-92FDBAF0,Red-throated Tit,Parus fringillinus,avibase-92FDBAF0,Red-throated Tit,Melaniparus fringillinus
stable-avibase-94C71DF6,name_change,stable_avilist_id,avibase-94C71DF6,White-browed Sparrow Weaver,Plocepasser mahali,avibase-94C71DF6,White-browed Sparrow-Weaver,Plocepasser mahali
stable-avibase-95054CA5,name_change,stable_avilist_id,avibase-95054CA5,Grey-throated (Grey-headed) Barbet,Gymnobucco bonapartei (race cinereiceps),avibase-95054CA5,Grey-throated Barbet,Gymnobucco bonapartei
stable-avibase-958F4A5E,name_change,stable_avilist_id,avibase-958F4A5E,Rufous-chested Swallow,Cecropis semirufa,avibase-958F4A5E,Red-breasted Swallow,Cecropis semirufa
stable-avibase-95A2F6E7,name_change,stable_avilist_id,avibase-95A2F6E7,Montane Oriole,Oriolus percivali,avibase-95A2F6E7,Mountain Oriole,Oriolus percivali
stable-avibase-9616C96E,name_change,stable_avilist_id,avibase-9616C96E,Blue-shouldered Robin Chat,Cossypha cyanocampter,avibase-9616C96E,Blue-shouldered Robin-Chat,Cossypha cyanocampter
stable-avibase-97C47F3E,name_change,stable_avilist_id,avibase-97C47F3E,Black-shouldered (Black-winged) Kite,Elanus caeruleus,avibase-97C47F3E,Black-winged Kite,Elanus caeruleus
stable-avibase-97D7865F,name_change,stable_avilist_id,avibase-97D7865F,Fischer’s Sparrow Lark,Eremopterix leucopareia,avibase-97D7865F,Fischer's Sparrow-Lark,Eremopterix leucopareia
stable-avibase-982C918E,name_change,stable_avilist_id,avibase-982C918E,Banded Parisoma,Sylvia boehmi (race marsabit),avibase-982C918E,Banded Parisoma,Curruca boehmi
stable-avibase-98B9C10B,name_change,stable_avilist_id,avibase-98B9C10B,Greater Sand Plover,Charadrius leschenaultii,avibase-98B9C10B,Greater Sand Plover,Anarhynchus leschenaultii
stable-avibase-9A418C45,name_change,stable_avilist_id,avibase-9A418C45,African Hawk Eagle,Aquila spilogaster,avibase-9A418C45,African Hawk-Eagle,Aquila spilogaster
stable-avibase-9D29C252,name_change,stable_avilist_id,avibase-9D29C252,Crested Guineafowl,Guttera (pucherani) verreauxi,avibase-9D29C252,Western Crested Guineafowl,Guttera verreauxi
stable-avibase-9DBAAB1D,name_change,stable_avilist_id,avibase-9DBAAB1D,Dwarf Raven,Corvus edithae,avibase-9DBAAB1D,Somali Crow,Corvus edithae
stable-avibase-9FF4EDB5,name_change,stable_avilist_id,avibase-9FF4EDB5,Brown-backed Woodpecker,Mesopicus obsoletus,avibase-9FF4EDB5,Brown-backed Woodpecker,Dendropicos obsoletus
stable-avibase-A0DC8E87,name_change,stable_avilist_id,avibase-A0DC8E87,African Bare-eyed Thrush,Turdus tephronotus,avibase-A0DC8E87,Bare-eyed Thrush,Turdus tephronotus
stable-avibase-A14D3117,name_change,stable_avilist_id,avibase-A14D3117,Grey-breasted Illadopsis,Illadopsis distans,avibase-A14D3117,Tanzanian Illadopsis,Illadopsis distans
stable-avibase-A15F6836,name_change,stable_avilist_id,avibase-A15F6836,Shelley's Francolin,Scleroptila shelleyi (race macarthuri),avibase-A15F6836,Shelley's Francolin,Scleroptila shelleyi
stable-avibase-A19B0CF4,name_change,stable_avilist_id,avibase-A19B0CF4,African Fish Eagle,Haliaeetus vocifer,avibase-A19B0CF4,African Fish Eagle,Icthyophaga vocifer
stable-avibase-A38BABE1,name_change,stable_avilist_id,avibase-A38BABE1,Cape Robin Chat,Caffrornis caffra,avibase-A38BABE1,Cape Robin-Chat,Dessonornis caffer
stable-avibase-A3E077E6,name_change,stable_avilist_id,avibase-A3E077E6,Gillett's Lark,Mirafra gilletti,avibase-A3E077E6,Gillett's Lark,Calendulauda gilletti
stable-avibase-A51A5F84,name_change,stable_avilist_id,avibase-A51A5F84,Spotted Creeper,Salpornis salvadori,avibase-A51A5F84,African Spotted Creeper,Salpornis salvadori
stable-avibase-A526534E,name_change,stable_avilist_id,avibase-A526534E,Pennant-winged Nightjar,Macrodipteryx vexillarius,avibase-A526534E,Pennant-winged Nightjar,Caprimulgus vexillarius
stable-avibase-A77D4A77,name_change,stable_avilist_id,avibase-A77D4A77,White-crowned Starling,Lamprotornis albicapillus (race horrensis),avibase-A77D4A77,White-crowned Starling,Lamprotornis albicapillus
stable-avibase-A7E59764,name_change,stable_avilist_id,avibase-A7E59764,Jackson’s Francolin,Pternistis jacksoni,avibase-A7E59764,Jackson's Spurfowl,Pternistis jacksoni
stable-avibase-A927C1AE,name_change,stable_avilist_id,avibase-A927C1AE,Lesser Moorhen,Gallinula angulata,avibase-A927C1AE,Lesser Moorhen,Paragallinula angulata
stable-avibase-A990EB0B,name_change,stable_avilist_id,avibase-A990EB0B,Fawn-coloured Lark,Calendulauda africanoides,avibase-A990EB0B,Fawn-colored Lark,Calendulauda africanoides
stable-avibase-AA4385A2,name_change,stable_avilist_id,avibase-AA4385A2,Kentish Plover,Charadrius alexandrinus,avibase-AA4385A2,Kentish Plover,Anarhynchus alexandrinus
stable-avibase-AAC2D613,name_change,stable_avilist_id,avibase-AAC2D613,Cape Petrel,Daption capense,avibase-AAC2D613,Pintado Petrel,Daption capense
stable-avibase-AB1CB216,name_change,stable_avilist_id,avibase-AB1CB216,Cattle Egret,Bubulcus ibis,avibase-AB1CB216,Western Cattle Egret,Ardea ibis
stable-avibase-AC89B8FF,name_change,stable_avilist_id,avibase-AC89B8FF,Madagascar Bee-eater,Merops superciliosus,avibase-AC89B8FF,Olive Bee-eater,Merops superciliosus
stable-avibase-ACE8EADE,name_change,stable_avilist_id,avibase-ACE8EADE,Black-bellied Storm-Petrel,Fregetta tropica,avibase-ACE8EADE,Black-bellied Storm Petrel,Fregetta tropica
stable-avibase-ACF0F1A2,name_change,stable_avilist_id,avibase-ACF0F1A2,Eastern Paradise Whydah,Vidua paradisaea,avibase-ACF0F1A2,Long-tailed Paradise Whydah,Vidua paradisaea
stable-avibase-ADDB3611,name_change,stable_avilist_id,avibase-ADDB3611,White-headed Mousebird,Colius leucocephalus (race turneri),avibase-ADDB3611,White-headed Mousebird,Colius leucocephalus
stable-avibase-AF75AC32,name_change,stable_avilist_id,avibase-AF75AC32,(Northern) Red-billed Hornbill,Tockus erythrorhynchus,avibase-AF75AC32,Northern Red-billed Hornbill,Tockus erythrorhynchus
stable-avibase-B0E7740F,name_change,stable_avilist_id,avibase-B0E7740F,Pygmy Sunbird,Hedydipna platyura,avibase-B0E7740F,Pygmy Sunbird,Hedydipna platura
stable-avibase-B15F4C49,name_change,stable_avilist_id,avibase-B15F4C49,Grey-headed Negrofinch,Nigrita canicapillus,avibase-B15F4C49,Grey-headed Nigrita,Nigrita canicapillus
stable-avibase-B21A37E7,name_change,stable_avilist_id,avibase-B21A37E7,(African) Grass Owl,Tyto capensis,avibase-B21A37E7,African Grass Owl,Tyto capensis
stable-avibase-B4967714,name_change,stable_avilist_id,avibase-B4967714,Red-rumped Swallow,Cecropis daurica rufula,avibase-B4967714,European Red-rumped Swallow,Cecropis rufula
stable-avibase-B68BD0D2,name_change,stable_avilist_id,avibase-B68BD0D2,Rufous Bush Chat,Cercotrichas galactotes,avibase-B68BD0D2,Rufous-tailed Scrub Robin,Cercotrichas galactotes
stable-avibase-B85B93BB,name_change,stable_avilist_id,avibase-B85B93BB,Cinnamon-chested Bee-eater,Merops lafresnayii,avibase-B85B93BB,Cinnamon-chested Bee-eater,Merops oreobates
stable-avibase-BAE527A2,name_change,stable_avilist_id,avibase-BAE527A2,Eastern Olivaceous Warbler,Hippolais pallida,avibase-BAE527A2,Eastern Olivaceous Warbler,Iduna pallida
stable-avibase-BB05D1FC,name_change,stable_avilist_id,avibase-BB05D1FC,Snowy-headed Robin Chat,Cossypha niveicapilla,avibase-BB05D1FC,Snowy-crowned Robin-Chat,Cossypha niveicapilla
stable-avibase-BB11EE7F,name_change,stable_avilist_id,avibase-BB11EE7F,Brown-rumped Bunting,Fringillaria affinis,avibase-BB11EE7F,Brown-rumped Bunting,Emberiza affinis
stable-avibase-BB456342,name_change,stable_avilist_id,avibase-BB456342,Racquet-tailed Roller,Coracias spatulatus,avibase-BB456342,Racket-tailed Roller,Coracias spatulatus
stable-avibase-BBA263C2,name_change,stable_avilist_id,avibase-BBA263C2,Feral Pigeon,Columba livia,avibase-BBA263C2,Rock Dove,Columba livia
stable-avibase-BC6C3CCE,name_change,stable_avilist_id,avibase-BC6C3CCE,Eurasian Teal,Anas crecca,avibase-BC6C3CCE,Green-winged Teal,Anas crecca
stable-avibase-BD7C4F70,name_change,stable_avilist_id,avibase-BD7C4F70,Green-backed Woodpecker,Campethera cailliautii,avibase-BD7C4F70,Green-backed Woodpecker,Campethera maculosa
stable-avibase-BDF442F2,name_change,stable_avilist_id,avibase-BDF442F2,Emerald-spotted Wood-Dove,Turtur chalcospilos,avibase-BDF442F2,Emerald-spotted Wood Dove,Turtur chalcospilos
stable-avibase-BE56C141,name_change,stable_avilist_id,avibase-BE56C141,Semi-collared Flycatcher,Ficedula semitorquata,avibase-BE56C141,Semicollared Flycatcher,Ficedula semitorquata
stable-avibase-C130193B,name_change,stable_avilist_id,avibase-C130193B,Double-banded Courser,Rhinoptilus africanus,avibase-C130193B,Double-banded Courser,Smutsornis africanus
stable-avibase-C1CBA33A,name_change,stable_avilist_id,avibase-C1CBA33A,Mouse-coloured Sunbird,Cyanomitra veroxii,avibase-C1CBA33A,Grey Sunbird,Cyanomitra veroxii
stable-avibase-C3ABF863,name_change,stable_avilist_id,avibase-C3ABF863,Yellow-billed Egret,Egretta intermedia,avibase-C3ABF863,Yellow-billed Egret,Ardea brachyrhyncha
stable-avibase-C49FA9A8,name_change,stable_avilist_id,avibase-C49FA9A8,Flappet Lark,Mirafra rufocinnamomea,avibase-C49FA9A8,Flappet Lark,Amirafra rufocinnamomea
stable-avibase-C505EA72,name_change,stable_avilist_id,avibase-C505EA72,African Harrier Hawk (Gymnogene),Polyboroides typus,avibase-C505EA72,African Harrier-Hawk,Polyboroides typus
stable-avibase-C54DCA26,name_change,stable_avilist_id,avibase-C54DCA26,Abyssinian Ground Thrush,Zoothera piaggiae,avibase-C54DCA26,Abyssinian Ground Thrush,Geokichla piaggiae
stable-avibase-C5585051,name_change,stable_avilist_id,avibase-C5585051,Reichenow’s (Speckle-throated) Woodpecker,Campethera scriptoricauda,avibase-C5585051,Speckle-throated Woodpecker,Campethera scriptoricauda
stable-avibase-C5C38D98,name_change,stable_avilist_id,avibase-C5C38D98,Chin-spot Batis,Batis molitor,avibase-C5C38D98,Chinspot Batis,Batis molitor
stable-avibase-C5FB15C6,name_change,stable_avilist_id,avibase-C5FB15C6,Leach’s Storm-petrel,Hydrobates leucorhous,avibase-C5FB15C6,Leach's Storm Petrel,Hydrobates leucorhous
stable-avibase-C67FD539,name_change,stable_avilist_id,avibase-C67FD539,Red-winged Warbler,Prinia erythropterus,avibase-C67FD539,Red-winged Prinia,Prinia erythroptera
stable-avibase-C7708C70,name_change,stable_avilist_id,avibase-C7708C70,Grosbeak Weaver,Amblyospiza albifrons,avibase-C7708C70,Thick-billed Weaver,Amblyospiza albifrons
stable-avibase-C7B05F46,name_change,stable_avilist_id,avibase-C7B05F46,Grey Cuckooshrike,Ceblepyris caesia,avibase-C7B05F46,Grey Cuckooshrike,Ceblepyris caesius
stable-avibase-C7DB323E,name_change,stable_avilist_id,avibase-C7DB323E,Stone-curlew,Burhinus oedicnemus,avibase-C7DB323E,Eurasian Stone-curlew,Burhinus oedicnemus
stable-avibase-C8880D28,name_change,stable_avilist_id,avibase-C8880D28,White-bellied Tit,Parus albiventris,avibase-C8880D28,White-bellied Tit,Melaniparus albiventris
stable-avibase-C978ABCC,name_change,stable_avilist_id,avibase-C978ABCC,Southern (Grey-faced) Citril ,Crithagra (citrinelloides) hyposticta,avibase-C978ABCC,Southern Citril,Crithagra hyposticta
stable-avibase-C97A5C39,name_change,stable_avilist_id,avibase-C97A5C39,Parasitic Weaver,Anomalospiza imberbis,avibase-C97A5C39,Cuckoo-finch,Anomalospiza imberbis
stable-avibase-CAA45AC6,name_change,stable_avilist_id,avibase-CAA45AC6,African Blue Quail,Synoicus adansoniee,avibase-CAA45AC6,Blue Quail,Synoicus adansonii
stable-avibase-CAFE345D,name_change,stable_avilist_id,avibase-CAFE345D,Common Quail,Coturnix coturnix (race coturnix),avibase-CAFE345D,Common Quail,Coturnix coturnix
stable-avibase-CD8DEBE3,name_change,stable_avilist_id,avibase-CD8DEBE3,Familiar (Red-tailed) Chat,Oenanthe familiaris,avibase-CD8DEBE3,Familiar Chat,Oenanthe familiaris
stable-avibase-CDF4A106,name_change,stable_avilist_id,avibase-CDF4A106,Striolated Bunting,Fringillaria striolata,avibase-CDF4A106,Striolated Bunting,Emberiza striolata
stable-avibase-CE1CF6FD,name_change,stable_avilist_id,avibase-CE1CF6FD,Little Sparrowhawk,Accipiter minullus,avibase-CE1CF6FD,Little Sparrowhawk,Tachyspiza minulla
stable-avibase-CF2E9674,name_change,stable_avilist_id,avibase-CF2E9674,Common Stonechat,Saxicola torquatus,avibase-CF2E9674,African Stonechat,Saxicola torquatus
stable-avibase-D0A5FADB,name_change,stable_avilist_id,avibase-D0A5FADB,Fine-banded Woodpecker,Campethera taeniolaema (race hausbergi),avibase-D0A5FADB,Fine-banded Woodpecker,Campethera taeniolaema
stable-avibase-D0EAD8A3,name_change,stable_avilist_id,avibase-D0EAD8A3,Collared Lark,Mirafra collaris,avibase-D0EAD8A3,Collared Lark,Amirafra collaris
stable-avibase-D0FA8EBE,name_change,stable_avilist_id,avibase-D0FA8EBE,Crowned Plover,Vanellus coronatus,avibase-D0FA8EBE,Crowned Lapwing,Vanellus coronatus
stable-avibase-D12CDD0F,name_change,stable_avilist_id,avibase-D12CDD0F,Black-throated Seedeater,Crithagra atrogularis,avibase-D12CDD0F,Black-throated Canary,Crithagra atrogularis
stable-avibase-D1C1A026,name_change,stable_avilist_id,avibase-D1C1A026,Golden-breasted Bunting,Fringillaria flaviventris,avibase-D1C1A026,Golden-breasted Bunting,Emberiza flaviventris
stable-avibase-D1FFB474,name_change,stable_avilist_id,avibase-D1FFB474,White-headed Wood-hoopoe,Phoeniculus bollei,avibase-D1FFB474,White-headed Wood Hoopoe,Phoeniculus bollei
stable-avibase-D2854489,name_change,stable_avilist_id,avibase-D2854489,Plain Martin,Riparia paludicola,avibase-D2854489,Brown-throated Martin,Riparia paludicola
stable-avibase-D295D249,name_change,stable_avilist_id,avibase-D295D249,Wilson’s Storm-petrel ,Oceanites oceanicus,avibase-D295D249,Wilson's Storm Petrel,Oceanites oceanicus
stable-avibase-D33D2F6D,name_change,stable_avilist_id,avibase-D33D2F6D,Golden-winged Sunbird,Drepanorhynchus reichenowi (race lathburyi),avibase-D33D2F6D,Golden-winged Sunbird,Drepanorhynchus reichenowi
stable-avibase-D36F4D98,name_change,stable_avilist_id,avibase-D36F4D98,Standard-winged Nightjar,Macrodipteryx longipennis,avibase-D36F4D98,Standard-winged Nightjar,Caprimulgus longipennis
stable-avibase-D531B5D3,name_change,stable_avilist_id,avibase-D531B5D3,Black-headed Plover,Vanellus tectus,avibase-D531B5D3,Black-headed Lapwing,Vanellus tectus
stable-avibase-D5549C6D,name_change,stable_avilist_id,avibase-D5549C6D,Taita Apalis,Apalis (thoracica) fuscigularis,avibase-D5549C6D,Taita Apalis,Apalis fuscigularis
stable-avibase-D6A69E06,name_change,stable_avilist_id,avibase-D6A69E06,Highland (Northern) Rush Warbler ,Bradypterus centralis,avibase-D6A69E06,Highland Rush Warbler,Bradypterus centralis
stable-avibase-D8177CEC,name_change,stable_avilist_id,avibase-D8177CEC,Red-fronted (Red-faced) Warbler,Prinia rufifrons,avibase-D8177CEC,Red-fronted Prinia,Prinia rufifrons
stable-avibase-D91540DE,name_change,stable_avilist_id,avibase-D91540DE,Forest Batis,Batis mixta,avibase-D91540DE,Short-tailed Batis,Batis mixta
stable-avibase-DB4998D1,name_change,stable_avilist_id,avibase-DB4998D1,Parrot-billed Sparrow,Passer (griseus) gongonensis,avibase-DB4998D1,Parrot-billed Sparrow,Passer gongonensis
stable-avibase-DBAB527C,name_change,stable_avilist_id,avibase-DBAB527C,Kenya Rufous Sparrow,Passer (cordofanicus) rufocinctus,avibase-DBAB527C,Kenya Sparrow,Passer rufocinctus
stable-avibase-DC456636,name_change,stable_avilist_id,avibase-DC456636,Grey-backed Camaroptera,Camaroptera brachyura,avibase-DC456636,Bleating Camaroptera,Camaroptera brachyura
stable-avibase-DC8CC91D,name_change,stable_avilist_id,avibase-DC8CC91D,Spotted Eagle Owl,Bubo africanus,avibase-DC8CC91D,Spotted Eagle-Owl,Bubo africanus
stable-avibase-DE0A72A7,name_change,stable_avilist_id,avibase-DE0A72A7,Cream-coloured Courser,Cursorius cursor,avibase-DE0A72A7,Cream-colored Courser,Cursorius cursor
stable-avibase-DF26171F,name_change,stable_avilist_id,avibase-DF26171F,Black-eared Wheatear,Oenanthe hispanica,avibase-DF26171F,Eastern Black-eared Wheatear,Oenanthe melanoleuca
stable-avibase-DF32B1F9,name_change,stable_avilist_id,avibase-DF32B1F9,Western Reef Egret,Egretta (garzetta) gularis,avibase-DF32B1F9,Western Reef Heron,Egretta gularis
stable-avibase-E09F7223,name_change,stable_avilist_id,avibase-E09F7223,Northern Anteater Chat,Myrmecocichla aethiops,avibase-E09F7223,Anteater Chat,Myrmecocichla aethiops
stable-avibase-E0D521B7,name_change,stable_avilist_id,avibase-E0D521B7,Western Yellowbill (Blue Malkoha),Ceuthmochares aereus,avibase-E0D521B7,Blue Malkoha,Ceuthmochares aereus
stable-avibase-E10D0809,name_change,stable_avilist_id,avibase-E10D0809,Grey-headed Sparrow,Passer griseus,avibase-E10D0809,Northern Grey-headed Sparrow,Passer griseus
stable-avibase-E22B8495,name_change,stable_avilist_id,avibase-E22B8495,Brown Woodland Warbler,Seicercus umbrovirens,avibase-E22B8495,Brown Woodland Warbler,Phylloscopus umbrovirens
stable-avibase-E255DCE1,name_change,stable_avilist_id,avibase-E255DCE1,Long-tailed (Reed) Cormorant ,Microcarbo africanus,avibase-E255DCE1,Reed Cormorant,Microcarbo africanus
stable-avibase-E27EEDC5,name_change,stable_avilist_id,avibase-E27EEDC5,Chestnut-fronted Helmetshrike,Prionops scopifrons (race keniensis),avibase-E27EEDC5,Chestnut-fronted Helmetshrike,Prionops scopifrons
stable-avibase-E561A180,name_change,stable_avilist_id,avibase-E561A180,Northern White-faced (Scops) Owl,Ptilopsis leucotis,avibase-E561A180,Northern White-faced Owl,Ptilopsis leucotis
stable-avibase-E5DF48FC,name_change,stable_avilist_id,avibase-E5DF48FC,African Grey Woodpecker,Mesopicus goertae,avibase-E5DF48FC,African Grey Woodpecker,Dendropicos goertae
stable-avibase-E7DC526A,name_change,stable_avilist_id,avibase-E7DC526A,Manda Black Boubou,Laniarius nigerrimus,avibase-E7DC526A,Black Boubou,Laniarius nigerrimus
stable-avibase-E93A0F33,name_change,stable_avilist_id,avibase-E93A0F33,Dusky Nightjar,Caprimulgus fraenatus,avibase-E93A0F33,Sombre Nightjar,Caprimulgus fraenatus
stable-avibase-EA2C460A,name_change,stable_avilist_id,avibase-EA2C460A,Madagascar Pond Heron,Ardeola idae,avibase-EA2C460A,Malagasy Pond Heron,Ardeola idae
stable-avibase-EBBD09CA,name_change,stable_avilist_id,avibase-EBBD09CA,Dark-capped (African) Yellow Warbler,Iduna natalensis,avibase-EBBD09CA,African Yellow Warbler,Iduna natalensis
stable-avibase-EBD3129B,name_change,stable_avilist_id,avibase-EBD3129B,Verreaux's Eagle Owl,Bubo lacteus,avibase-EBD3129B,Verreaux's Eagle-Owl,Ketupa lactea
stable-avibase-ECD7C1D8,name_change,stable_avilist_id,avibase-ECD7C1D8,Coqui Francolin,Peliperdix coqui,avibase-ECD7C1D8,Coqui Francolin,Campocolinus coqui
stable-avibase-EE61E2CA,name_change,stable_avilist_id,avibase-EE61E2CA,Pintail Snipe,Gallinago stenura,avibase-EE61E2CA,Pin-tailed Snipe,Gallinago stenura
stable-avibase-EE7915A2,name_change,stable_avilist_id,avibase-EE7915A2,Turkestan Shrike (Red-tailed),Lanius phoenicuroides,avibase-EE7915A2,Red-tailed Shrike,Lanius phoenicuroides
stable-avibase-F3618305,name_change,stable_avilist_id,avibase-F3618305,Southern Grosbeak Canary,Crithagra buchanani,avibase-F3618305,Southern Grosbeak-Canary,Crithagra buchanani
stable-avibase-F375B25B,name_change,stable_avilist_id,avibase-F375B25B,Swainson’s Sparrow,Passer (griseus) swainsonii,avibase-F375B25B,Swainson's Sparrow,Passer swainsonii
stable-avibase-F3B46894,name_change,stable_avilist_id,avibase-F3B46894,White-breasted Negrofinch,Nigrita fusconotus,avibase-F3B46894,White-breasted Nigrita,Nigrita fusconotus
stable-avibase-F3DCCA8F,name_change,stable_avilist_id,avibase-F3DCCA8F,Sulphur-breasted Bushshrike,Chlorophoneus sulfureopectus,avibase-F3DCCA8F,Orange-breasted Bushshrike,Chlorophoneus sulfureopectus
stable-avibase-F44BD4BE,name_change,stable_avilist_id,avibase-F44BD4BE,Penduline Tit,Anthoscopus caroli,avibase-F44BD4BE,Grey Penduline Tit,Anthoscopus caroli
stable-avibase-F5A73AAA,name_change,stable_avilist_id,avibase-F5A73AAA,Hildebrandt's Francolin,Pternistis hildebrandti,avibase-F5A73AAA,Hildebrandt's Spurfowl,Pternistis hildebrandti
stable-avibase-F5E92B22,name_change,stable_avilist_id,avibase-F5E92B22,Spur-winged Plover,Vanellus spinosus,avibase-F5E92B22,Spur-winged Lapwing,Vanellus spinosus
stable-avibase-F6B77E64,name_change,stable_avilist_id,avibase-F6B77E64,Yellow-throated Woodland Warbler,Seicercus ruficapilla,avibase-F6B77E64,Yellow-throated Woodland Warbler,Phylloscopus ruficapilla
stable-avibase-F7D5320E,name_change,stable_avilist_id,avibase-F7D5320E,Long-toed Plover,Vanellus crassirostris,avibase-F7D5320E,Long-toed Lapwing,Vanellus crassirostris
stable-avibase-F80D69C2,name_change,stable_avilist_id,avibase-F80D69C2,Common Scrub White-eye,Zosterops flavilateralis,avibase-F80D69C2,Pale White-eye,Zosterops flavilateralis
stable-avibase-F936B680,name_change,stable_avilist_id,avibase-F936B680,Levaillant's Cisticola,Cisticola tinniens (race oreophilus),avibase-F936B680,Levaillant's Cisticola,Cisticola tinniens
stable-avibase-F9F5CAB0,name_change,stable_avilist_id,avibase-F9F5CAB0,Semi-collared Kingfisher,Alcedo semitorquata,avibase-F9F5CAB0,Half-collared Kingfisher,Alcedo semitorquata
stable-avibase-FA03A965,name_change,stable_avilist_id,avibase-FA03A965,Pale Flycatcher,Bradornis pallidus,avibase-FA03A965,Pale Flycatcher,Agricola pallidus
stable-avibase-FA137697,name_change,stable_avilist_id,avibase-FA137697,Tiny Greenbul,Phyllastrephus debilis,avibase-FA137697,Lowland Tiny Greenbul,Phyllastrephus debilis
stable-avibase-FA2F9125,name_change,stable_avilist_id,avibase-FA2F9125,Hoopoe,Upupa epops,avibase-FA2F9125,Common Hoopoe,Upupa epops
stable-avibase-FA7A6D02,name_change,stable_avilist_id,avibase-FA7A6D02,Three-streaked Tchagra,Tchagra jamesi (race mandanus),avibase-FA7A6D02,Three-streaked Tchagra,Tchagra jamesi
stable-avibase-FA831F65,name_change,stable_avilist_id,avibase-FA831F65,Hottentot Teal,Spatula hottentota,avibase-FA831F65,Blue-billed Teal,Spatula hottentota
stable-avibase-FBDCA962,name_change,stable_avilist_id,avibase-FBDCA962,Short-winged (Siffling) Cisticola,Cisticola brachypterus (race kericho),avibase-FBDCA962,Short-winged Cisticola,Cisticola brachypterus
stable-avibase-FC1BE879,name_change,stable_avilist_id,avibase-FC1BE879,Grey-chested Kakamega (Thrush-babbler),Kakamega poliothorax,avibase-FC1BE879,Grey-chested Babbler,Kakamega poliothorax
stable-avibase-FC523946,name_change,stable_avilist_id,avibase-FC523946,Eastern Mountain Greenbul,Arizelocichla nigriceps nigriceps,avibase-FC523946,Black-headed Mountain Greenbul,Arizelocichla nigriceps
stable-avibase-FCD72CEE,name_change,stable_avilist_id,avibase-FCD72CEE,Yellow-spotted Petronia,Gymnoris pyrgita,avibase-FCD72CEE,Yellow-spotted Bush Sparrow,Gymnoris pyrgita
stable-avibase-FCDA4F09,name_change,stable_avilist_id,avibase-FCDA4F09,Red-capped Lark,Calandrella cinerea (race williamsi),avibase-FCDA4F09,Red-capped Lark,Calandrella cinerea
