avibase_id,AM,AMR,E,IO,MM,N,NR,OM,PM,PMR,RS,SO,VIO,VM,VN,VO,VP,VSO,VSA,ES
avibase-40329BB6,,,,,,,,,,,,,,,,,,,
avibase-2247CB05,,,,,,,,,,,,,,,,,,,
avibase-2EEDACD5,,,,,,,,,,,,,,,,,,,
avibase-A534AFEA,,,,,,,,,,,,,,,,,,,
avibase-9A60617E,,,,,,TRUE,,,,,,,,,,,,,
avibase-90AAE188,,,,,,,,,,,,,,,,,,,
avibase-EC7C1618,,,,,,,,,,,,,,,,,,,
avibase-1C2F4E80,,,,,,,,,,,,,,,,,,,
avibase-EB01B24C,,,,,,,,,,,,,,,,,,,
avibase-DA2F24E3,,,,,,,,,,,,,,,,,,,
avibase-1F9D883E,,,,,,,,,,,,,,,,,,,
avibase-3948131B,,TRUE,,,,,,,,,,,,,,,,,
avibase-36C0242E,,TRUE,,,,,,,,,,,,,,,,,
avibase-7CF91527,,,,,,,,,TRUE,,,,,,,,,,
avibase-A96692E0,,,,,,,,,,,,,,,,,TRUE,,
avibase-67CEA1C1,,,,,,,,,TRUE,,,,,,,,,,
avibase-F577BA0F,,,,,,,,,TRUE,,,,,,,,,,
avibase-FA831F65,,,,,,,,,,,,,,,,,,,
avibase-ED4CE8E7,,,,,,,,,TRUE,,,,,,,,,,
avibase-C235A4D7,,,,,,,,,TRUE,,,,,,,,,,
avibase-15EE0D36,,,,,,,,,TRUE,,,,,,,,,,
avibase-1EAFAD9F,,,,,,,,,,,,,,,,,,,
avibase-7F64AD87,,TRUE,,,,,,,,,,,,,,,,,
avibase-85625D75,,,,,,,,,,,,,,,,,TRUE,,
avibase-25DA0F41,,,,,,,,,,,,,,,,,,,
avibase-8F6876AC,,,,,,,,,,,,,,,,,,,
avibase-56CCA717,,,,,,,,,TRUE,,,,,,,,,,
avibase-BC6C3CCE,,,,,,,,,TRUE,,,,,,,,,,
avibase-1044B438,,,,,,,,,,,,,,,,,,,
avibase-F7A3FA35,,,,,,,,,,,,,,,,,,,
avibase-35D60F12,,,,,,,,,,,,,,,,,,,
avibase-9D29C252,,,,,,,,,,,,,,,,,,,
avibase-57B05159,,,,,,,,,,,,,,,,,,,
avibase-ECD7C1D8,,,,,,,,,,,,,,,,,,,
avibase-5B115F6C,,,,,,,,,,,,,,,,,,,
avibase-B49935ED,,,,,,,,,,,,,,,,,,,
avibase-3D25568A,,,,,,,,,,,,,,,,,,,,
avibase-8E833C63,,,,,,,,,,,,,,,,,,,
avibase-A15F6836,,,,,,,,,,,,,,,,,,,,TRUE
avibase-8004C7E5,,,,,,,,,,,,,,,,,,,
avibase-CAA45AC6,TRUE,,,,,,,,,,,,,,,,,,
avibase-CAFE345D,,,,,,,,,,TRUE,,,,,,,,,
avibase-0CA903BB,,TRUE,,,,,,,,,,,,,,,,,
avibase-81474844,,,,,,,,,,,,,,,,,,,
avibase-A7E59764,,,,,,,,,,,,,,,,,,,,
avibase-F5A73AAA,,,,,,,,,,,,,,,,,,,
avibase-1B11690B,,,,,,,,,,,,,,,,,,,
avibase-90AFDF9E,,,,,,,,,,,,,,,,,,,
avibase-5FA94F66,,,,,,,,,,,,,,,,,,,
avibase-B06A9079,,TRUE,,,,,,,,,,,,,,,,,
avibase-0F9B5174,,TRUE,,,,,,,,TRUE,,,,,,,,,
avibase-215FEA89,,,,,,,,,,,,,,,,,,,
avibase-8F269702,,,,,,,,,,,,,,,,,,,
avibase-32DCEC14,,,,,,,,,,,,,,,,,,,
avibase-002445CB,,,,,,,,,,,,,,,,,,,
avibase-215428B0,,,,,,,,,,,,,,,,,
avibase-2AA4BC58,,,,,,,,,,,,,,,,,,,
avibase-10B14696,,,,,,,,,,,,,,,,,,,
avibase-76E45A19,,,,,,,,,,,,,,,,,,,
avibase-2C7BA3A6,,,,,,,,,,,,,,,,,,,
avibase-FF2AF138,,,,,,,,,,,,,,,,,,,
avibase-C9A1C773,,,,,,,,,,,,,,,,,,,
avibase-22952180,,,,,,,,,,,,,,,,,,,
avibase-94214F1C,,,,,,,,,,,,,,,,,,,
avibase-D5846D2A,,,,,,,,,,,,,,,,,,,
avibase-6A394479,,,,,,,,,,,,,,,,,,,
avibase-4FC41CA0,,,,,,,,,,,,,,,,,,,
avibase-4FDBC0CB,,,,,,,,,,,,,,,,,,,
avibase-4971D1EF,,,,,,,,,,,,,,,,,,,
avibase-3B287014,,,,,,,,,,,,,,,,,,,
avibase-968D57F9,,,,,,,,,,,,,,,,,,,
avibase-402E7401,,,,,,,,,,,,,,,,,,,
avibase-562F4456,,,,,,,,,,,,,,,,,,,
avibase-4A83155B,,,,,,,,,,,,,,,,,,,
avibase-7C879D6D,,,,,,,,,,,,,,,,,,,
avibase-4B2A7A35,,,,,,,,,,,,,,,,,,,
avibase-DB09507D,,,,,,,,,,,,,,,,,,,
avibase-3A46A20C,,TRUE,,,,,,,,,,,,,,,,,
avibase-E0D521B7,,,,,,,,,,,,,,,,,,,
avibase-3D67C56A,,TRUE,,,,,,,,TRUE,,,,,,,,,
avibase-3C8C3A31,,TRUE,,,,,,,,,,,,,,,,,
avibase-BF0A0954,,TRUE,,,,,,,,TRUE,,,,,,,,,
avibase-2AD52363,,,,,,,,,,,,,,,,,,,
avibase-0482FA7E,,TRUE,,,,,,,,,,,,,,,,,
avibase-1FACD210,,,,,,,,,,,,,,,,,,,
avibase-1B309CB5,,,,,,,,,,,,,,,,,,,
avibase-B8D42059,,,,,,,,,,,,,,,,,,,
avibase-EDB84334,,TRUE,,,,,,,,,,,,,,,,,
avibase-26A34DA5,,TRUE,,,,,,,,,,,,,,,,,
avibase-FF41B79F,,,,,,,,TRUE,TRUE,,,,,,,,,,
avibase-66931B3F,TRUE,,,,,,,,,,,,,,,,,,
avibase-C2E0717C,,,,,TRUE,,,,,,,,,,,,,,
avibase-B3D2C3C5,,,,,,,,,TRUE,,,,,,,,,,
avibase-F5DE9155,,,,,,,,,,,,,,,,,,,
avibase-8B6EA5FA,,,,,,,,,,,,,,,,,,,
avibase-70AFED2C,,,,,,,,,,,,,,,,,,,
avibase-F3715F7B,,,,,,,,,,,,,,,,,,,
avibase-461482EA,,,,,,,,,,,,,,,,,,,
avibase-B2D6AB06,,,,,,,,,,,,,,,,,,,
avibase-EE40DDB6,,,,,,,,,,,,,,,,,,,
avibase-5788552B,,,,,,,,,,,,,,,,,TRUE,,
avibase-8770C6A7,,,,,,,,,,,,,,,,,,,
avibase-DDEF7228,,,,,,,,,,,,,,,,,,,
avibase-AB937AEB,,,,,,,,,,,,,,,,,,,
avibase-9888B3AE,,,,,,,,,,,,,,,,,,,
avibase-70BD722B,,,,,,,,,,,,,,,,,,,
avibase-65FE8029,,,,,,,,,,,,,,,,,,,
avibase-870E4DDA,,,,,,,,,,,,,,,,,,,
avibase-EEDB8253,,,,,,,,,,,,,,,,,,,
avibase-A6EA9F02,,,,,,,,,,,,,,,,,,,
avibase-BBA263C2,,,,,,,,,,,,,,,,,,,
avibase-DDC2CC92,,,,,,,,,,,,,,,,,,,
avibase-7308278F,,,,,,,,,,,,,,,,,,,
avibase-23D5FC36,,,,,,,,,,,,,,,,,,,
avibase-BDF442F2,,,,,,,,,,,,,,,,,,,
avibase-46C90944,,,,,,,,,,,,,,,,,,,
avibase-00146574,,,,,,,,,,,,,,,,,,,
avibase-D10CAC5D,,,,,,,,,,,,,,,,,,,
avibase-31413BFF,,,,,,,,,,,,,,,,,,,
avibase-64DDD14D,,,,,,,,,,,,,,,,,TRUE,,
avibase-99B8841E,,,,,,,,,,,,,,,,,TRUE,,
avibase-46DECAEE,,,,,,,,,,,,,,,,,,,
avibase-6EF64F69,,,,,,,,,,,,,,,,,,,
avibase-E75BA92C,,,,,,,,,,,,,,,,,,,
avibase-10B56544,,,,,,,,,,,,,,,,,,,
avibase-EBA9F2C4,TRUE,,,,,,,,,,,,,,,,,,
avibase-D4A066EA,,,,,,,,,,,,,,,,,,,
avibase-5B443EDE,,,,,,,,,,,,,,,,,,,
avibase-09A0F2EB,,TRUE,,,,,,,,,,,,,,,,,
avibase-7E257242,,,,,,,,,TRUE,,,,,,,,,,
avibase-460708F9,,,,,,,,,TRUE,,,,,,,,,,
avibase-A927C1AE,TRUE,,,,,,,,,,,,,,,,,,
avibase-8F82FF8C,,,,,,,,,,,,,,,,,,,
avibase-53235FDC,,TRUE,,,,,,,,,,,,,,,,,
avibase-53288666,,TRUE,,,,,,,,,,,,,,,,,
avibase-AC1E791E,,,,,,,,,,,,,,,,,,,
avibase-13967506,TRUE,,,,,,,,,,,,,,,,,,
avibase-148F0B01,,,,,,,,,,,,,,,,,,,
avibase-34D5B04D,,TRUE,,,,,,,,TRUE,,,,,,,,,
avibase-862F6F04,,,,,,,,,,,,,,,,,,,
avibase-96CCAFEE,,,,,,,,,,,,,,,,,,,
avibase-85DF723B,,,,,,,,,,,,,,,,,,,
avibase-C7DB323E,,,,,,,,,TRUE,,,,,,,,,,
avibase-1B28A4B6,,,,,,,,,,,,,,,,,,,
avibase-C73ED2F5,,TRUE,,,,,,,,TRUE,,,,,,,,,
avibase-3CAEB7CE,,TRUE,,,,,,,,TRUE,,,,,,,,,
avibase-ED663165,,,,,,,,,TRUE,,,,,,,,,,
avibase-27903EF7,,,,,,,,,TRUE,,,,,,,,,,
avibase-07C11CF3,,,,,,,,,TRUE,,,,,,,,,,
avibase-EDA37B7C,,,,,,,,,TRUE,,,,,,,,,,
avibase-8DAF86A1,,,,,,,,,,,,,,,,,,,
avibase-35EC3BBF,,,,,,,,,TRUE,,,,,,,,,,
avibase-F029489A,,,,,,,,,,,,,,,,,TRUE,,
avibase-F7D5320E,,,,,,,,,,,,,,,,,,,
avibase-2F23EDC6,,,,,,,,,,,,,,,,,,,
avibase-F5E92B22,,,,,,,,,,,,,,,,,,,
avibase-D531B5D3,,,,,,,,,,,,,,,,,,,
avibase-42D3918F,,,,,,,,,,,,,,,,,,,
avibase-83D95620,,,,,,,,,,,,,,,,,,,
avibase-D0FA8EBE,,,,,,,,,,,,,,,,,,,
avibase-074251A3,,,,,,,,,,,,,,,,,,,
avibase-881C954D,,,,,,,,,,,,,,,,,,,
avibase-264D0351,,,,,,,,,TRUE,,,,,,,,,,
avibase-828D3D5A,,,,,,,,,TRUE,,,,,,,,,,
avibase-98B9C10B,,,,,,,,,TRUE,,,,,,,,,,
avibase-0F0DCC2F,,TRUE,,,,,,,,,,,,,,,,,
avibase-61F0E581,,,,,,,,,,,,,,,,,,,
avibase-214B3533,,,,,,,,,,,,,,,,,,,
avibase-AA4385A2,,,,,,,,,TRUE,,,,,,,,,,
avibase-7516E687,,,,,,,,,,,,,,,,,,,
avibase-29B03FAE,,,,,,,,,,,,,,,,,,,
avibase-D16D486D,,,,,,,,,,,,,,,,,,,
avibase-082F3A63,,,,,,,,,TRUE,,,,,,,,,,
avibase-3BB5CBA6,,,,,,,,,TRUE,,,,,,,,,,
avibase-9A684C99,,,,,,,,,TRUE,,,,,,,,,,
avibase-454B5CD5,,,,,,,,,TRUE,,,,,,,,,,
avibase-1A15F0C6,,,,,,,,,TRUE,,,,,,,,,,
avibase-BCCD5840,,,,,,,,,TRUE,,,,,,,,,,
avibase-EE61E2CA,,,,,,,,,,,,,,,,,TRUE,,
avibase-831FC147,,TRUE,,,,,,,,,,,,,,,,,
avibase-9151E0BA,,,,,,,,,TRUE,,,,,,,,,,
avibase-6D5992EE,,,,,,,,,TRUE,,,,,,,,,,
avibase-8548B07E,,,,,,,,,TRUE,,,,,,,,,,
avibase-0D88C072,,,,,,,,,,,,,,,TRUE,,,,
avibase-18A19380,,,,,,,,,,,,,,,,,TRUE,,
avibase-E6F3BA54,,,,,,,,,TRUE,,,,,,,,,,
avibase-A7B17EFC,,,,,,,,,TRUE,,,,,,,,,,
avibase-15CF9352,,,,,,,,,TRUE,,,,,,,,,,
avibase-8E67DC5F,,,,,,,,,TRUE,,,,,,,,,,
avibase-D6BFC73A,,,,,,,,,TRUE,,,,,,,,,,
avibase-0895DD84,,,,,,,,,TRUE,,,,,,,,,,
avibase-18B415D2,,,,,,,,,TRUE,,,,,,,,,,
avibase-DC3050A9,,,,,,,,,TRUE,,,,,,,,,,
avibase-B5CE8FAD,,,,,,,,,,,,,,,,,TRUE,,
avibase-2DABF98F,,,,,,,,,TRUE,,,,,,,,,,
avibase-0A14882F,,,,,,,,,TRUE,,,,,,,,,,
avibase-143A681C,,,,,,,,,TRUE,,,,,,,,,,
avibase-BBDF2F1B,,,,,,,,,,,,,,,,,TRUE,,
avibase-5ACF7FB3,,,,,,,,,TRUE,,,,,,,,,,
avibase-7D629288,,,,,,,,,,,,,,,,,TRUE,,
avibase-3A3C62BC,,,,,,,,,,,,,,,TRUE,,,,
avibase-06B9BD24,,,,,,,,,TRUE,,,,,,,,,,
avibase-15369E8E,,,,,,,,,TRUE,,,,,,,,,,
avibase-ACC99F35,,,,,,,,,,,,,,,TRUE,,TRUE,,
avibase-9936FF4A,,,,,,,,,TRUE,,,,,,,,,,
avibase-B605A049,,,,,,,,,,,,,,,,,,,
avibase-0DA8BB90,,,,,,,,,,,,,,,,,,,
avibase-0874B4D5,,,,,,,,,,,,,,,,,,,
avibase-C3E33FEB,TRUE,,,,,,,,,,,,,,,,,,
avibase-C130193B,,,,,,,,,,,,,,,,,,,
avibase-F5145338,TRUE,,,,,,,,,,,,,,,,,,
avibase-29D50ED5,,,,,,,,,,,,,,,,,,,
avibase-7A841F83,,,,,,,,,,,,,,,,,,,
avibase-DE0A72A7,,,,,,,,,,,,,,,,,TRUE,,
avibase-6091E70B,,,,,,,,,,,,,,,,,,,
avibase-AC0F25BB,,,,,TRUE,,,,,,,,,,,,,,
avibase-95820ED1,,,,,,,,,,,,,,,,,,,
avibase-E1F6A875,,,,,,,,,TRUE,,,,,,,,,,
avibase-D56ABB4E,,TRUE,,,,,,,,,,,,,,,,,
avibase-39086887,,,,,,,,,,,,,,,,,TRUE,,
avibase-1D446440,,,,,,,,,,,,,,,,,TRUE,,
avibase-7CB8F5B7,,,,,,,,,,,,,,,,,TRUE,,
avibase-4D5D2BC3,,,,,,,,,,,,,,,,,,,
avibase-907B1140,,,,,,,,,,,,,,,,,,,
avibase-A070171E,,,,,,,,,,,,,,,,,,,
avibase-03F9EB15,,,,TRUE,,,,,,,,,,,,,,,
avibase-3E7F825D,,,,,,,,,,,,,,,,,,,
avibase-E6518B9D,,,,,,,,,,,,,,,,,,,
avibase-17310BF0,,,,,,,,,TRUE,,TRUE,,,,,,,,
avibase-BC06BC0D,,,,,,,,,TRUE,,,,,,,,,,
avibase-87168739,,,,,,,,,TRUE,,,,,,,,,,
avibase-7AB4E42B,,,,,,,,,,TRUE,,,,,,,,,
avibase-43CAAEE3,,,,,,,,,TRUE,,,,,,,,,,
avibase-115AF02D,,,,,,,,,,,,,,,,,TRUE,,
avibase-F7504353,,,,,,,,,TRUE,,,,,,,,,,
avibase-526978C4,,TRUE,,,,,,,,,,,,,,,,,
avibase-D01CDECD,TRUE,,,,,,,,,,,,,,,,,,
avibase-BDC5CF80,,,,,,,,,,,,,,,,,TRUE,,
avibase-4D2FF6F1,,,,,,,,,TRUE,,,,,,,,,,
avibase-CF5C013D,,,,,,,,,,,,,,,,,,,
avibase-74236837,,,,,,,,,,,,,,,,,,,
avibase-F89FD6E3,,,,,,,,,,,,,,,,,,,
avibase-86182656,,,,,,,,,,,,,,,,,,,
avibase-27CE7132,,,,,,,,,TRUE,,,,,,,,,,
avibase-FB02DD96,,,,,,,,,TRUE,,,,,,,,,,
avibase-6EB497FA,,,,,,,,,,,,,,,,,,,
avibase-EF930CDC,,,,,,,,,TRUE,,,,,,,,,,
avibase-A7F240E3,,,,,,,,,,,,,,,,,,,
avibase-67D43542,,TRUE,,,,,,,,,,,,,,,,,
avibase-93CA037F,,,,,,,,,,,,,,,,,,,
avibase-E6536E4E,,,,,,,,,,,,,,,,,,TRUE,
avibase-2D52E3A5,,,,,,,,,TRUE,,,,,,,,,,
avibase-7EE005BD,,,,,,,,,,,,,,,,,,,
avibase-C412CD62,,,,,,,,,,,,,,,,,,,
avibase-1D07B501,,,,TRUE,,,,,,,,,,,,,,,
avibase-F9FCB9FF,,,,,,,,,,,,TRUE,,,,,,,
avibase-87797B47,,,,,,,,,,,,TRUE,,,,,,,
avibase-D295D249,,,,,,,,,,,,TRUE,,,,,,,
avibase-ACE8EADE,,,,,,,,,,,,,,,,,,TRUE,
avibase-C5FB15C6,,,,,,,,,,,,,,,,,TRUE,,
avibase-AAC2D613,,,,,,,,,,,,,,,,,,TRUE,
avibase-F501ED18,,,,,,,,,,,,,TRUE,,,,,,
avibase-35EB45A0,,,,,,,,,,,,,,,,,,TRUE,
avibase-E94A7272,,,,TRUE,,,,,,,,,,,,,,,
avibase-1725B07D,,,,,,,,,,,,,,,,,,TRUE,
avibase-198120BB,,,,,,,,,,,,,,,,,,,
avibase-6DA05B66,,,,TRUE,,,,,,,,,,,,,,,
avibase-105C306C,,,,,,,,,,,,TRUE,,,,,,,
avibase-0D885A80,,,,,,,,,,,,,,,,,,TRUE,
avibase-0F14ECE4,,TRUE,,,,,,,,,,,,,,,,,
avibase-03C0F97C,,,,,,,TRUE,,,,,,,,,,,,
avibase-4F92C892,,TRUE,,,,,,,,,,,,,,,,,
avibase-3D155653,,,,,,,,,,,,,,,,,,,
avibase-E2817DAE,,,,,,,,,TRUE,,,,,,,,,,
avibase-28825494,,,,,,,,,TRUE,,,,,,,,,,
avibase-26CD0319,TRUE,,,,,,,,,,,,,,,,,,
avibase-5157C558,,,,,,,,,,,,,,,,,,,
avibase-09ED7E92,,,,TRUE,,,,,,,,,,,,,,,
avibase-788EBCAB,,,,TRUE,,,,,,,,,,,,,,,
avibase-0A4609D1,,,,TRUE,,,,,,,,,,,,,,,
avibase-05520B42,,,,TRUE,,,,,,,,,,,,,,,
avibase-22D1B4A2,,,,TRUE,,,,,,,,,,,,,,,
avibase-5C7936A7,,,,,,,,,,,,,,,,,,,
avibase-E255DCE1,,,,,,,,,,,,,,,,,,,
avibase-3DF5C587,,,,,,,,,,,,,,,,,,,
avibase-D4540F88,,TRUE,,,,,,,,TRUE,,,,,,,,,
avibase-23ACB56E,,,,,,,,,,,,,,,,,,,
avibase-CAFBA217,,,,,,,,,,,,,,,,,,,
avibase-F86BB1D3,,,,,,,,,,,,,,,,,,,
avibase-A0A584C1,,,,,,,,,,,,,,,,,TRUE,,
avibase-550DE745,,,,,,,,,,,,,,,,,,,
avibase-47C7FDFD,,,,,,,,,,,,,,,,,,,
avibase-FC10F6ED,,,,,,,,,,,,,,,,,,,
avibase-8BAFB01E,,TRUE,,,,,,,,,,,,,,,,,
avibase-8D24E93C,,,,,,,,,,,,,,,,,,,
avibase-0F42F11A,,,,,,,,,,,,,,,,,TRUE,,
avibase-87EEBD3E,,TRUE,,,,,,,,,,,,,,,,,
avibase-7AAD57AC,,TRUE,,,,,,,,TRUE,,,,,,,,,
avibase-3C12AA44,,,,,,,,,,,,,,,,,,,
avibase-74853F89,,,,,,,,,,,,,,,,,,,
avibase-DF32B1F9,TRUE,,,,,,,,,,,,,,,,,,
avibase-F2858F9F,,,,,,,,,,,,,,,,,,,
avibase-6BB94D7E,,TRUE,,,,,,,,TRUE,,,,,,,,,
avibase-7085B8A0,,,,,,,,,,,,,,,,,,,
avibase-AEB2DA9B,,,,,,,,,,,,,,,,,,,
avibase-CE73EBD7,,TRUE,,,,,,,,TRUE,,,,,,,,,
avibase-EA2C460A,,,,,TRUE,,,,,,,,,,,,,,
avibase-49D9148A,,,,,,,,,,,,,,,,,,,
avibase-C3ABF863,,,,,,,,,,,,,,,,,,,
avibase-AB1CB216,,TRUE,,,,,,,,,,,,,,,,,
avibase-3395DCF1,,,,,,,,,,TRUE,,,,,,,,,
avibase-25A648FE,,,,,,,,,,,,,,,,,,,
avibase-C7888A15,,,,,,,,,,,,,,,,,,,
avibase-6429024D,,,,,,,,,,TRUE,,,,,,,,,
avibase-A526534E,TRUE,,,,,,,,,,,,,,,,,,
avibase-D36F4D98,TRUE,,,,,,,,,,,,,,,,,,
avibase-80D4B0FE,,,,,,,,,TRUE,,,,,,,,,,
avibase-E93A0F33,,,,,,,,,,,,,,,,,,,
avibase-626D56E4,TRUE,,,,,,,,,,,,,,,,,,
avibase-D1D9B619,,,,,,,,,,,,,,,,,,,
avibase-7E3578A2,,,,,,,,,,,,,,,,,,,
avibase-FB96690D,,,,,,,,,,,,,,,,,,,
avibase-52E6406E,,,,,,,,,,,,,,,,,,,
avibase-7C3959D6,TRUE,,,,,,,,,,,,,,,,,,
avibase-CE884D49,,,,,,,,,,,,,,,,,,,
avibase-E3C780D6,,,,,,,,,,,,,,,,,,,
avibase-A20EA34D,,TRUE,,,,,,,,,,,,,,,,,
avibase-54494BCE,,,,,,,,,,,,,,,,,,,
avibase-4FD242D0,,TRUE,,,,,,,,,,,,,,,,,
avibase-1E12D857,,,,,,,,,,,,,,,,,,,
avibase-0D52DFC7,,,,,,,,,,,,,,,,,,,
avibase-8ACC245F,,,,,,,,,,,,,,,,,,,
avibase-DA106373,,,,,,,,,,,,,,,,,,,
avibase-91429F78,,,,,,,,,,,,,,,,,,,
avibase-FA1CAD29,,,,,,,,,,,,,,,,,,,
avibase-8439A6E7,,,,,,,,,,,,,,,,,,,
avibase-FA9F6019,,,,,,,,,,,,,,,,,,,
avibase-FF79A533,,TRUE,,,,,,,,,,,,,,,,,
avibase-D209A90C,,,,,,,,,,,,,,,,,,,
avibase-2103011F,,,,,,,,,,,,,,,,,,,
avibase-DEE4829A,,,,,,,,,,,,,,,,,,,
avibase-45D3FD5A,TRUE,,,,,,,,,,,,,,,,,,
avibase-4E6EF3F9,,,,,,,,,TRUE,,,,,,,,,,
avibase-B21A37E7,,,,,,,,,,,,,,,,,,,
avibase-CFD6F275,,,,,,,,,,,,,,,,,,,
avibase-70CB00EC,,,,,,,,,,,,,,,,,,,
avibase-E05A96F3,,,,,,,,,,,,,,,,,,,
avibase-77FEB897,,,,,,,,,,,,,,,,,,,
avibase-75194A63,,,,,,,,,,,,,,,,,,,
avibase-2C7AA154,,,,,,,,,TRUE,,,,,,,,,,
avibase-F0AA4FE4,,,,,,,,,,,,,,,,,,,
avibase-E561A180,,,,,,,,,,,,,,,,,,,
avibase-023D6E38,,,,,,,,,,,,,,,,,,,
avibase-83E21A84,,,,,,,,,,,,,,,,,,,
avibase-8F123A11,,TRUE,,,,,,,,,,,,,,,TRUE,,
avibase-250123FB,,,,,,,,,,,,,,,,,,,
avibase-3CD0F535,,,,,,,,,,,,,,,,,,,
avibase-0018A99B,,,,,,,,,,,,,,,,,,,
avibase-DC8CC91D,,,,,,,,,,,,,,,,,,,
avibase-034B2A6A,,,,,,,,,,,,,,,,,,,
avibase-EBD3129B,,,,,,,,,,,,,,,,,,,
avibase-2E6575A8,,,,,,,,,,,,,,,,,,,
avibase-DCBCCEB8,,,,,,,,,,,,,,,,,,,
avibase-1327AC55,,,,,,,,,TRUE,,,,,,,,,,
avibase-22832FF4,,,,,,,,,,,,,,,,,,,
avibase-97C47F3E,,TRUE,,,,,,,,,,,,,,,,,
avibase-C505EA72,,,,,,,,,,,,,,,,,,,
avibase-14885C18,,,,,,,,,,,,,,,,,,,
avibase-81DB7410,,,,,,,,,,,,,,,,,,,
avibase-6D3480A6,,,,,,,,,,,,,,,,,,,
avibase-648936C0,,TRUE,,,,,,,,,,,,,,,,,
avibase-ED5A7E8F,,,,,,,,,TRUE,,,,,,,,,,
avibase-1192205B,,,,,,,,,,,,,,,,TRUE,,,
avibase-93D7EC56,,,,,,,,,,,,,,,,,,,
avibase-672EA454,,,,,,,,,,,,,,,,,,,
avibase-131038AD,,,,,,,,,,,,,,,,,,,
avibase-0419DDC2,,,,,,,,,,,,,,,,,,,
avibase-76B512B1,,,,,,,,,,,,,,,,,,,
avibase-6CBD8724,,,,,,,,,,,,,,,,,,,
avibase-9F2839A9,,,,,,,,,,,,,,,,,,,
avibase-4327F813,,,,,,,,,,,,,,,,,,,
avibase-F4E78AFA,,,,,,,,,,,,,,,,,,,
avibase-BF553D32,,,,,,,,,,,,,,,,,,,
avibase-6904D83F,,,,,,,,,,,,,,,,,,,
avibase-8372FFBA,,,,,,,,,,,,,,,,,TRUE,,
avibase-1E3B3515,,,,,,,,,,,,,,,,,,,
avibase-FDA2E4A3,,,,,,,,,,,,,,,,,,,
avibase-14B9664A,,,,,,,,,,,,,,,,,,,
avibase-BAC4CA22,,,,,,,,,TRUE,,,,,,,,,,
avibase-C2565B65,,,,,,,,,TRUE,,,,,,,,,,
avibase-535F3C99,TRUE,,,,,,,,,,,,,,,,,,
avibase-7DF00403,,,,,,,,,,,,,,,,,,,
avibase-4B8CC285,,,,,,,,,TRUE,,,,,,,,,,
avibase-A635F565,,,,,,,,,TRUE,,,,,,,,,,
avibase-F6D547B2,,,,,,,,,,,,,,,,,,,
avibase-469DCF57,,,,,,,,,TRUE,,,,,,,,,,
avibase-51FD3E3C,,,,,,,,,,,,,,,,,,,
avibase-14F13C32,,,,,,,,,,,,,,,,,,,
avibase-9A418C45,,,,,,,,,,,,,,,,,,,
avibase-DAE4C523,,,,,,,,,,,,,,,,,,,
avibase-922DE9C1,,,,,,,,,,,,,,,,,,,
avibase-D2AFD39B,,,,,,,,,,,,,,,,,,,
avibase-FA3A1F20,,,,,,,,,,,,,,,,,,,
avibase-3EEB66ED,,,,,,,,,,,,,,,,,,,
avibase-35A1472C,,,,,,,,,,,,,,,,,,,
avibase-CE1CF6FD,,,,,,,,,,,,,,,,,,,
avibase-1A0ECB6E,,,,,,,,,,,,,,,,,,,
avibase-8492E4B7,,,,,,,,,TRUE,,,,,,,,,,
avibase-BAE91683,,,,,,,,,,,,,,,,,,,
avibase-EC0E680F,,,,,,,,,,,,,,,,,,,
avibase-DB376A66,,,,,,,,,TRUE,,,,,,,,,,
avibase-819AB823,,,,,,,,,,,,,,,,,,,
avibase-22647E26,,,,,,,,,TRUE,,,,,,,,,,
avibase-63B6412E,,,,,,,,,TRUE,,,,,,,,,,
avibase-2A2C169B,,,,,,,,,,,,,,,,,,,
avibase-E2A19474,,,,,,,,,TRUE,,,,,,,,,,
avibase-06D9A2C8,,TRUE,,,,,,,,TRUE,,,,,,,,
avibase-A19B0CF4,,,,,,,,,,,,,,,,,,,
avibase-45A1D850,TRUE,,,,,,,,,,,,,,,,,,
avibase-EBDC03AA,,,,,,,,,,,,,,,,,,,
avibase-5BFEFD9A,,,,,,,,,,,,,,,,,,,
avibase-3C0C325D,,,,,,,,,TRUE,,,,,,,,,,
avibase-CC65921F,,,,,,,,,TRUE,,,,,,,,,,
avibase-E45D9EB2,,,,,,,,,,,,,,,,,,,
avibase-1FDDABDB,,,,,,,,,,,,,,,,,,,,TRUE
avibase-ADDB3611,,,,,,,,,,,,,,,,,,,,TRUE
avibase-7FED5700,,,,,,,,,,,,,,,,,,,
avibase-2F2CB724,,,,,,,,,,,,,,,,,,,
avibase-FA2F9125,,TRUE,,,,,,,TRUE,,,,,,,,,,
avibase-B0DD1318,,,,,,,,,,,,,,,,,,,
avibase-46847C50,,,,,,,,,,,,,,,,,,,
avibase-28CACA8F,,,,,,,,,,,,,,,,,,,
avibase-76FAC9A5,,,,,,,,,,,,,,,,,,,
avibase-68A80086,,,,,,,,,,,,,,,,,,,
avibase-D1FFB474,,,,,,,,,,,,,,,,,,,
avibase-948ED65C,,,,,,,,,,,,,,,,,,,
avibase-4192DE77,,,,,,,,,,,,,,,,,,,
avibase-1FDA0172,,,,,,,,,,,,,,,,,,,
avibase-6D72B23C,,,,,,,,,,,,,,,,,,,
avibase-0CCD664D,,,,,,,,,,,,,,,,,,,
avibase-3BCD9CB0,,,,,,,,,,,,,,,,,,,
avibase-427D7FD6,,,,,,,,,,,,,,,,,,,
avibase-DE36D3BD,,,,,,,,,,,,,,,,,,,
avibase-AF75AC32,,,,,,,,,,,,,,,,,,,
avibase-5350D0E8,,,,,,TRUE,,,,,,,,,,,,,
avibase-02428AC1,,,,,,,,,,,,,,,,,,,
avibase-3A4D2B44,,,,,,,,,,,,,,,,,,,
avibase-4F01F416,TRUE,,,,TRUE,,,,,,,,,,,,,,
avibase-BB456342,,,,,,,,,,,,,,,,,,,
avibase-2624054E,,TRUE,,,,,,,,,,,,,,,,,
avibase-9E9B6EF9,,TRUE,,,,,,,,,,,,,,,,,
avibase-E7C7EE3A,,,,,,,,,,,,,,,,,,,
avibase-7451A628,,,,,,,,,TRUE,,,,,,,,,,
avibase-38507A80,,,,,,,,,,,,,,,,,,,
avibase-AFA39D5A,,,,,,,,,,,,,,,,,,,
avibase-30238523,,,,,,,,,,,,,,,,,,,
avibase-72CAA64D,,,,,,,,,,,,,,,,,,,
avibase-A90C512F,,,,,,,,,,,,,,,,,,,
avibase-C0A68CA0,,,,,,,,,,,,,,,,,,,
avibase-910E6D86,,,,,,,,,,,,,,,,,,,
avibase-D0C68FE0,,,,,,,,,,,,,,,,,,,
avibase-B85B93BB,,,,,,,,,,,,,,,,,,,
avibase-03C4A0C9,TRUE,,,,,,,,,,,,,,,,,,
avibase-2125426A,TRUE,,,,,,,,,,,,,,,,,,
avibase-B34CB92A,,,,,,,,,,,,,,,,,,,TRUE
avibase-66AA3934,,,,,,,,,TRUE,,,,,,,,,,
avibase-AC89B8FF,,TRUE,,,,,,,,,,,,,,,,,
avibase-6EE45113,,,,,,,,,TRUE,,,,,,,,,,
avibase-C0998BB9,,TRUE,,,,,,,,,,,,,,,,,
avibase-7149F93D,,,,,,,,,,,,,,,,,,,
avibase-F9F5CAB0,,,,,,,,,,,,,,,,,,,
avibase-A376DE65,,,,,,,,,,,,,,,,,,,
avibase-F51C1C4A,,,,,,,,,,,,,,,,,,,
avibase-8205077F,,,,,,,,,,,,,,,,,,,
avibase-0D8BDD35,,,,,,,,,,,,,,,,,,,
avibase-1F360691,TRUE,,,,,,,,,,,,,,,,,,
avibase-47E71671,,TRUE,,,,,,,,,,,,,,,,,
avibase-AB51824B,,,,,,,,,,,,,,,,,,,
avibase-C5D3CB2A,,,,,,,,,,,,,,,,,,,
avibase-178B6892,,TRUE,,,,,,,,,,,,,,,,,
avibase-80BC978E,,,,,,,,,,,,,,,,,,,
avibase-570C1121,,,,,,,,,,,,,,,,,,,
avibase-1953C1D6,,,,,,,,,,,,,,,,,,,
avibase-4568986F,,,,,,,,,,,,,,,,,,,
avibase-56790B57,,,,,,,,,,,,,,,,,,,
avibase-6C81D39B,,,,,,,,,,,,,,,,,,,
avibase-95054CA5,,,,,,,,,,,,,,,,,,,
avibase-5238FF10,,,,,,,,,,,,,,,,,,,
avibase-7BEB0003,,,,,,,,,,,,,,,,,,,
avibase-7749C92B,,,,,,,,,,,,,,,,,,,
avibase-E01F4BD7,,,,,,,,,,,,,,,,,,,
avibase-2F467821,,,,,,,,,,,,,,,,,,,
avibase-915DABE2,,,,,,,,,,,,,,,,,,,
avibase-3E3AFB25,,,,,,,,,,,,,,,,,,,
avibase-F1CCA0AA,,,,,,,,,,,,,,,,,,,
avibase-F03BE6C3,,,,,,,,,,,,,,,,,,,
avibase-724266B4,,,,,,,,,,,,,,,,,,,
avibase-439FE608,,,,,,,,,,,,,,,,,,,
avibase-BCA0F974,,,,,,,,,,,,,,,,,,,,TRUE
avibase-0D419595,,,,,,,,,,,,,,,,,,,
avibase-8C50CB2D,,,,,,,,,,,,,,,,,,,
avibase-7884F0D6,,,,,,,,,,,,,,,,,,,
avibase-B20CDCE3,,,,,,,,,,,,,,,,,,,
avibase-8DB3F1A2,,,,,,,,,,,,,,,,,,,
avibase-5B74A911,,,,,,,,,,,,,,,,,,,
avibase-BFF3AA65,,,,,,,,,,,,,,,,,,,
avibase-50F3668C,,,,,,,,,,,,,,,,,,,
avibase-7EF4C99C,,,,,,,,,,,,,,,,,,,
avibase-862749B0,,,,,,,,,,,,,,,,,,,
avibase-93EC5E12,,,,,,,,,,,,,,,,,,,
avibase-B2E6AB9F,,,,,,,,,TRUE,,,,,,,,,,
avibase-01C9752D,,,,,,,,,,,,,,,,,,,
avibase-02E56D98,,,,,,,,,,,,,,,,,,,
avibase-D0A5FADB,,,,,,,,,,,,,,,,,,,,TRUE
avibase-BD7C4F70,,,,,,,,,,,,,,,,,,,
avibase-70170649,,,,,,,,,,,,,,,,,,,
avibase-C5585051,,,,,,,,,,,,,,,,,,,
avibase-CD2F7C98,,,,,,,,,,,,,,,,,,,
avibase-BA63C545,,,,,,,,,,,,,,,,,,,
avibase-2700C97D,,,,,,,,,,,,,,,,,,,
avibase-77D82F60,,,,,,,,,,,,,,,,,,,
avibase-9FF4EDB5,,,,,,,,,,,,,,,,,,,
avibase-E5DF48FC,,,,,,,,,,,,,,,,,,,
avibase-902E9F69,,,,,,,,,,,,,,,,,,,
avibase-739A97EE,,,,,,,,,,,,,,,,,,,
avibase-0A241B83,,,,,,,,,,,,,,,,,,,
avibase-3B52D2B8,,,,,,,,,,,,,,,,,,,
avibase-BECA271F,,,,,,,,,TRUE,,,,,,,,,,
avibase-D2CAA18B,,,,,,,,,,,,,,,,,,,
avibase-2E4DAA13,,,,,,,,,,,,,,,,,,,
avibase-2DAB45B8,,,,,,,,,TRUE,,,,,,,,,,
avibase-997A9437,,,,,,,,,TRUE,,,,,,,,,,
avibase-E6137E65,,,,,,,,,TRUE,,,,,,,,,,
avibase-3F2BA4F7,,,,,,,,,,,,,,,,,,,
avibase-CA34C05A,,,,,,,,,,,,,,,,,,,
avibase-9EA1F12D,,,,,,,,,TRUE,,,,,,,,,,
avibase-BD34FDFD,,,,,,,,,TRUE,,,,,,,,,,
avibase-F56A73BF,,,,,,,,,,,,,,,,,,,
avibase-E91E287A,,,,,,,,,TRUE,,,,,,,,,,
avibase-6A64EFCB,,,,,,,,,,,,,,,,,,,
avibase-9A4AA945,,,,,,,,,,,,,,,,,,,
avibase-47E58408,,,,,,,,,TRUE,,,,,,,,,,
avibase-3D3808E3,,,,,,,,,,,,,,,,,,,
avibase-A9F51494,,,,,,,,,TRUE,,,,,,,,,,
avibase-A20878F0,,,,,,,,,,,,,,,,,,,
avibase-83D329B5,,,,,,,,,,,,,,,,,,,
avibase-0ECD9D58,,,,,,,,,,,,,,,,,,,
avibase-4A039821,,,,,,,,,,,,,,,,,,,
avibase-69661C7D,,,,,,,,,,,,,,,,,,,
avibase-6B1CFC3C,,,,,,,,,,,,,,,,,,,
avibase-1E2EC99C,,,,,,,,,,,,,,,,,,,
avibase-9EE216F9,,,,,,,,,,,,,,,,,,,
avibase-373286B2,TRUE,,,,,,,,,,,,,,,,,,
avibase-C7B05F46,,,,,,,,,,,,,,,,,,,
avibase-6E682612,,,,,,,,,,,,,,,,,,,
avibase-F9031A09,,TRUE,,,,,,,,,,,,,,,,,
avibase-95A02709,,,,,,,,,,,,,,,,,,,
avibase-439F76D1,,,,,,,,,,,,,,,,,,,
avibase-37D0D696,,,,,,,,,,,,,,,,,,,
avibase-967545BC,,,,,,,,,,,,,,,,,,,
avibase-7DCA1C1E,,,,,,,,,,,,,,,,,,,
avibase-022798AB,,,,,,,,,,,,,,,,,,,
avibase-4F9D43DE,,,,,,,,,,,,,,,,,,,
avibase-FA7A6D02,,,,,,,,,,,,,,,,,,,,TRUE
avibase-641068BB,,,,,,,,,,,,,,,,,,,
avibase-7DE7F0ED,,,,,,,,,,,,,,,,,,,
avibase-706FEEB4,,,,,,,,,,,,,,,,,,,
avibase-00855728,,,,,,,,,,,,,,,,,,,
avibase-201E1243,,,,,,,,,,,,,,,,,,,
avibase-8B8AC14A,,,,,,,,,,,,,,,,,,,
avibase-ACDC8DEE,,,,,,,,,,,,,,,,,,,
avibase-0BC36521,,,,,,,,,,,,,,,,,,,
avibase-EF5EDE6D,,,,,,,,,,,,,,,,,,,
avibase-F3DCCA8F,,,,,,,,,,,,,,,,,,,
avibase-5CE2F0DC,,,,,,,,,,,,,,,,,,,
avibase-C59DFD44,,,,,,,,,,,,,,,,,,,
avibase-E7DC526A,,,,,,,,,,,,,,,,,,,
avibase-5AF20251,,,,,,,,,,,,,,,,,,,
avibase-EBC3B53B,,,,,,,,,,,,,,,,,,,
avibase-07F940AA,,,,,,,,,,,,,,,,,,,
avibase-0133C47B,,,,,,,,,,,,,,,,,,,
avibase-5E822C9C,,,,,,,,,,,,,,,,,,,
avibase-1E5D636D,,,,,,,,,,,,,,,,,,,
avibase-0868B50D,,,,,,,,,,,,,,,,,,,
avibase-3402C9BB,,,,,,,,,,,,,,,,,,,
avibase-8D562259,,,,,,,,,,,,,,,,,,,
avibase-E15225F1,,,,,,,,,,,,,,,,,,,
avibase-16935B44,,,,,,,,,,,,,,,,,,,
avibase-7DC78D7A,,,,,,,,,,,,,,,,,,,
avibase-3B66D504,,,,,,,,,,,,,,,,,,,
avibase-D91540DE,,,,,,,,,,,,,,,,,,,
avibase-C5C38D98,,,,,,,,,,,,,,,,,,,
avibase-5A58B69A,,,,,,,,,,,,,,,,,,,
avibase-A6DFFC15,,,,,,,,,,,,,,,,,,,
avibase-DF7C8FC5,,,,,,,,,,,,,,,,,,,
avibase-90D0D245,,,,,,,,,,,,,,,,,,,
avibase-5C9DDB02,,,,,,,,,,,,,,,,,,,
avibase-3996ECD0,,TRUE,,,,,,,,,,,,,,,,,
avibase-1F2F7323,,,,,,,,,,,,,,,,,,,
avibase-5B9EA71C,,,,,,,,,,,,,,,,,,,
avibase-E27EEDC5,,,,,,,,,,,,,,,,,,,,TRUE
avibase-18A968DB,,,,,,,,,,,,,,,,,,,
avibase-F1A4B955,,,,,,,,,,,,,,,,,,,
avibase-4321596C,,,,,,,,,,,,,,,,,,,
avibase-418C7CCB,,,,,,,,,,,,,,,,,,,
avibase-BE62734A,,,,,,,,,,,,,,,,,,,
avibase-95A2F6E7,,,,,,,,,,,,,,,,,,,
avibase-D4866EAE,TRUE,,,,,,,,,,,,,,,,,,
avibase-92A772BB,,,,,,,,,TRUE,,,,,,,,,,
avibase-E79026DE,,,,,,,,,,,,,,,,,,,
avibase-84249EE3,,,,,,,,,,,,,,,,,,,
avibase-11FE7313,,,,,,,,,,,,,,,,,,,
avibase-5DEB4565,,,,,,,,,,,,,,,,,,,
avibase-15F017B7,,,,,,,,,,,,,,,,,,,
avibase-0EDEEB49,,,,,,,,,,,,,,,,,,,
avibase-75AAC17B,,TRUE,,,,,,,,,,,,,,,,,
avibase-E44FAD6F,,,,,,,,,,,,,,,,,,,
avibase-56A7F384,,,,,,,,,,,,,,,,,,,
avibase-836EDA33,,,,,,,,,,,,,,,,,,,
avibase-02B6A30C,,,,,,,,,,,,,,,,,,,
avibase-64772F0F,,,,,,,,,,,,,,,,,,,
avibase-F7932185,,,,,,,,,,,,,,,,,,,
avibase-E90CC64A,,,,,,,,,,,,,,,,,TRUE,,
avibase-8852337B,,,,,,,,,TRUE,,,,,,,,,,
avibase-7E70D490,,,,,,,,,TRUE,,,,,,,,,,
avibase-72387112,,,,,,,,,,,,,,,,,,,
avibase-5792867A,,,,,,,,,,,,,,,,,,,
avibase-97166F72,,,,,,,,,TRUE,,,,,,,,,,
avibase-F2CEFD1A,,,,,,,,,TRUE,,,,,,,,,,
avibase-EE7915A2,,,,,,,,,TRUE,,,,,,,,,,
avibase-866D07A0,,,,,,,,,,,,,,,,,,,
avibase-4C35510F,,,,,,,,,,,,,,,,,,,
avibase-562E17AB,,,,,,,,,,,,,,,,,,,
avibase-EA326EA2,,,,,,,,,,,,,,,,,,,
avibase-34D538E1,,,,,,,,,,,,,,,,,,,
avibase-9DBAAB1D,,,,,,,,,,,,,,,,,,,
avibase-32C216E2,,,,,,,,,,,,,,,,,,,
avibase-39868903,,,,,,,,,,,,,,,,,,,
avibase-56209052,,,,,,,,,,,,,,,,,,,
avibase-B01090EF,,,,,,,,,,,,,,,,,,,
avibase-18ED7458,,,,,,,,,,,,,,,,,,,
avibase-0F82D614,,,,,,,,,,,,,,,,,,,
avibase-F840409E,,,,,,,,,,,,,,,,,,,
avibase-6F967270,,,,,,,,,,,,,,,,,,,
avibase-F44BD4BE,,,,,,,,,,,,,,,,,,,
avibase-5C70AA7D,,,,,,,,,,,,,,,,,,,
avibase-C8880D28,,,,,,,,,,,,,,,,,,,
avibase-5C54F8C9,,,,,,,,,,,,,,,,,,,
avibase-610FFD8E,,,,,,,,,,,,,,,,,,,
avibase-92FDBAF0,,,,,,,,,,,,,,,,,,,
avibase-97D7865F,,,,,,,,,,,,,,,,,,,
avibase-2F66131B,,,,,,,,,,,,,,,,,,,
avibase-9164F314,,,,,,,,,,,,,,,,,,,
avibase-A3E077E6,,,,,,,,,,,,,,,,,,,
avibase-99F447AD,,,,,,,,,,,,,,,,,,,
avibase-A990EB0B,,,,,,,,,,,,,,,,,,,
avibase-4E61514C,,,TRUE,,,,,,,,,,,,,,,,
avibase-F22CCF78,TRUE,,,,,,,,,,,,,,,,,,
avibase-8E612CF6,,,,,,,,,,,,,,,,,,,
avibase-AB507233,,,,,,,,,,,,,,,,,,,
avibase-5BFC242D,,,,,,,,,,,,,,,,,,,
avibase-D0EAD8A3,,,,,,,,,,,,,,,,,,,
avibase-C49FA9A8,,,,,,,,,,,,,,,,,,,
avibase-EB9CE6A2,,,,,,,,,,,,,,,,,,,,TRUE
avibase-D167A312,,,,,,,,,,,,,,,,,,,
avibase-5F213A7D,,,,,,,,,,,,,,,,,,,
avibase-419AEB97,,,,,,,,,,,,,,,,,,,,TRUE
avibase-1AF3034A,,,,,,,,,,,,,,,,,,,
avibase-5351025C,,,,,,,,,,,,,,,,,,,
avibase-21ADC3ED,,,,,,,,,,,,,,,,,,,
avibase-4091A51E,,,,,,,,,,,,,,,,,TRUE,,
avibase-FCDA4F09,,,,,,,,,,,,,,,,,,,,TRUE
avibase-61CECCA7,,,,,,,,,,,,,,,,,,,
avibase-7066D2F1,,,,,,,,,,,,,,,,,,,
avibase-D8BFA987,,,,,,,,,,,,,,,,,,,
avibase-1478AA79,,,,,,,,,,,,,,,,,,,
avibase-83E5801B,,,,,,,,,,,,,,,,,,,
avibase-489FFCA9,,,,,,,,,,,,,,,,,,,
avibase-7542C6F1,,,,,,,,,,,,,,,,,,,
avibase-A9030503,,,,,,,,,,,,,,,,,,,
avibase-6B9529AE,,,,,,,,,,,,,,,,,,,
avibase-D46EE5F8,,,,,,,,,,,,,,,,,,,
avibase-183E7FD0,,,,,,,,,,,,,,,,,,,
avibase-75932535,,,,,,,,,,,,,,,,,,,
avibase-0394BA0B,,,,,,,,,,,,,,,,,,,
avibase-7D340BF9,,,,,,,,,,,,,,,,,,,,TRUE
avibase-95B6C7C5,,,,,,,,,,,,,,,,,,,
avibase-91FD087B,,,,,,,,,,,,,,,,,,,
avibase-1E7CADC2,,,,,,,,,,,,,,,,,,,
avibase-0195CFDD,,,,,,,,,,,,,,,,,,,
avibase-DC456636,,,,,,,,,,,,,,,,,,,
avibase-65393B92,,,,,,,,,,,,,,,,,,,
avibase-DFC5A27D,,,,,,,,,,,,,,,,,,,
avibase-B285E2B0,,,,,,,,,,,,,,,,,,,
avibase-D5549C6D,,,TRUE,,,,,,,,,,,,,,,,
avibase-1ABAB622,,,,,,,,,,,,,,,,,,,
avibase-184BA213,,,,,,,,,,,,,,,,,,,
avibase-E70F9747,,,,,,,,,,,,,,,,,,,,TRUE
avibase-75E0430B,,,,,,,,,,,,,,,,,,,
avibase-E8F03B18,,,,,,,,,,,,,,,,,,,
avibase-4FE76868,,,,,,,,,,,,,,,,,,,,TRUE
avibase-7A8A8FCF,,,,,,,,,,,,,,,,,,,
avibase-DCA0028B,,,,,,,,,,,,,,,,,,,
avibase-63F72CA7,,,,,,,,,,,,,,,,,,,
avibase-319F6754,,,,,,,,,,,,,,,,,,,
avibase-1CB41EB5,,,,,,,,,,,,,,,,,,,
avibase-C54D2FEE,,,,,,,,,,,,,,,,,,,
avibase-C67FD539,,,,,,,,,,,,,,,,,,,
avibase-D8177CEC,,,,,,,,,,,,,,,,,,,,TRUE
avibase-31E5F1E9,,,,,,,,,,,,,,,,,,,
avibase-438D0DFF,,,,,,,,,,,,,,,,,,,
avibase-47053A35,,,,,,,,,,,,,,,,,,,
avibase-6B64558B,,,,,,,,,,,,,,,,,,,
avibase-5A184029,,,,,,,,,,,,,,,,,,,
avibase-5BD1E605,,,,,,,,,,,,,,,,,,,
avibase-4849AA43,,,,,,,,,,,,,,,,,,,
avibase-373DCDF4,,,,,,,,,,,,,,,,,,,
avibase-AB6AE581,,,,,,,,,,,,,,,,,,,
avibase-F8469E3F,,,,,,,,,,,,,,,,,,,
avibase-909FEE8A,,,,,,,,,,,,,,,,,,,
avibase-71F6A3F0,,,,,,,,,,,,,,,,,,,
avibase-8338F12F,,,,,,,,,,,,,,,,,,,
avibase-52B4F230,,,,,,,,,,,,,,,,,,,
avibase-2E0E6C82,,,TRUE,,,,,,,,,,,,,,,,
avibase-E88C0B71,,,,,,,,,,,,,,,,,,,
avibase-3DF3F9B9,,,,,,,,,,,,,,,,,,,
avibase-1DA06308,,,,,,,,,,,,,,,,,,,
avibase-2C6D5362,,,,,,,,,,,,,,,,,,,
avibase-F936B680,,,,,,,,,,,,,,,,,,,,TRUE
avibase-D3B1A98B,,,,,,,,,,,,,,,,,,,
avibase-FB740D14,,,,,,,,,,,,,,,,,,,
avibase-3C79F1AC,,,TRUE,,,,,,,,,,,,,,,,
avibase-9CE4FC4C,,,,,,,,,,,,,,,,,,,
avibase-FBDCA962,,,,,,,,,,,,,,,,,,,,TRUE
avibase-844A290B,,,,,,,,,,,,,,,,,,,
avibase-BF29E8B6,,,,,,,,,,,,,,,,,,,
avibase-AEE2063F,,,,,,,,,,,,,,,,,,,
avibase-A2C88219,,,,,,,,,,,,,,,,,,,
avibase-53E61277,,TRUE,,,,,,,,,,,,,,,,,
avibase-006667E7,,,,,,,,,,,,,,,,,,,
avibase-78573BB2,,,,,,,,,,,,,,,,,,,,TRUE
avibase-869C978C,,,,,,,,,TRUE,,,,,,,,,,
avibase-B10AD127,,,,,,,,,TRUE,,,,,,,,,,
avibase-791DED18,,,,,,,,,TRUE,,,,,,,,,,
avibase-BAE527A2,,,,,,,,,TRUE,,,,,,,,,,
avibase-E999FD2D,,,,,,,,,,,,,,,,,,,
avibase-EBBD09CA,,,,,,,,,,,,,,,,,,,
avibase-25F4FE96,,,,,,,,,,,,,,,,,,,
avibase-FED5AED5,,,,,,,,,TRUE,,,,,,,,,,
avibase-B675E006,,,,,,,,,TRUE,,,,,,,,,,
avibase-3F0EE474,,TRUE,,,,,,,TRUE,,,,,,,,,,
avibase-0D42A253,,,,,,,,,TRUE,,,,,,,,,,
avibase-4AA7817D,,,,,,,,,,,,,,,,,,,
avibase-C8857CC8,,,,,,,,,,,,,,,,,,,
avibase-B283E332,,,,,,,,,TRUE,,,,,,,,,,
avibase-A630DB2C,,,,,,,,,,,,,,,,,,,
avibase-2B020CA0,,,,,,,,,TRUE,,,,,,,,,,
avibase-2D46BB98,,,,,,,,,,,,,,,,,TRUE,,
avibase-BC0E4C9F,,,,,,,,,,,,,,,,,TRUE,,
avibase-2470FC01,,,,,,,,,,,,,,,,,,,
avibase-8160D091,,,,,,,,,,,,,,,,,,,
avibase-523913AE,,,,,,,,,,,,,,,,,,,
avibase-ED9EE880,,,,,,,,,,,,,,,,,,,
avibase-8CA1A851,,,,,,,,,,,,,,,,,,,
avibase-D6A69E06,,,,,,,,,,,,,,,,,,,
avibase-88AAE3D3,,,,,,,,,,,,,,,,,,,
avibase-4AC57370,,,,,,,,,,,,,,,,,,,
avibase-97E7A30B,,TRUE,,,,,,,,,,,,,,,,,
avibase-6C7BEEC6,,,,,,,,,,,,,,TRUE,,,,,
avibase-1AED683B,,TRUE,,,,,,,,,,,,,,,,,
avibase-94A1C447,,,,,,,,,TRUE,,,,,,,,,,
avibase-D2854489,,TRUE,,,,,,,,,,,,,,,,,
avibase-A85102D3,,,,,,,,,,,,,,,,,,,
avibase-CB7FB32A,TRUE,,,,,,,,,,,,,,,,,,
avibase-B79D6B3D,,,,,,,,,,,,,,,,,,,
avibase-58C502EA,,,,,,,,,TRUE,,,,,,,,,,
avibase-42E93B64,,,,,,,,,,,,,,,,,,,
avibase-B418B155,,,,,,,,,,,,,,,,,,,
avibase-30FEC6BE,,,,,,,,,TRUE,,,,,,,,,,
avibase-5ACC908D,,,,,,,,,,,,,,,,,,,
avibase-958F4A5E,,,,,,,,,,,,,,,,,,,
avibase-9185D29D,,,,,,,,,,,,,,,,,,,
avibase-91315CD4,,,,,,,,,,,,,,,,,,,
avibase-B4967714,,,,,,,,,,,,,,,,,TRUE,,
avibase-7D1AE743,,,,,,,,,,,,,,,,,,,TRUE
avibase-98BA31AA,,,,,,,,,,,,,,,,,,,
avibase-847AE7B8,,,,,,,,,,,,,,,,,,,
avibase-572C4C7F,,,,,,,,,TRUE,,,,,,,,,,
avibase-88F4B969,,,,,,,,,TRUE,,,,,,,,,,
avibase-F9F4B04D,,,,,,,,,TRUE,,,,,,,,,,
avibase-F6B77E64,,,,,,,,,,,,,,,,,,,
avibase-E22B8495,,,,,,,,,,,,,,,,,,,
avibase-132E0773,,,,,,,,,,,,,,,,,,,
avibase-79A45DAF,,,,,,,,,,,,,,,,,,,
avibase-5D82C13B,,,,,,,,,,,,,,,,,,,,TRUE
avibase-5A94FEAE,,,,,,,,,,,,,,,,,,,
avibase-1D9175EA,,,,,,,,,,,,,,,,,,,
avibase-6FC57210,,,,,,,,,,,,,,,,,,,
avibase-1EEE86B8,,,,,,,,,,,,,,,,,,,
avibase-FC523946,,,,,,,,,,,,,,,,,,,
avibase-9A80B57C,,,,,,,,,,,,,,,,,,,
avibase-04E77EEF,,,,,,,,,,,,,,,,,,,
avibase-E6A0D208,,,,,,,,,,,,,,,,,,,
avibase-4602AC01,,,,,,,,,,,,,,,,,,,
avibase-D083BB3F,,,,,,,,,,,,,,,,,,,
avibase-3413C42C,,,,,,,,,,,,,,,,,,,
avibase-728B225E,,,,,,,,,,,,,,,,,,,
avibase-0B325B7F,,,,,,,,,,,,,,,,,,,
avibase-486103D7,,,,,,,,,,,,,,,,,,,
avibase-0EA5F2E1,,,,,,,,,,,,,,,,,,,,TRUE
avibase-FA137697,,,,,,,,,,,,,,,,,,,
avibase-651384DF,,,,,,,,,,,,,,,,,,,
avibase-07FD1D4C,,,,,,,,,,,,,,,,,,,
avibase-29820AD9,,,,,,,,,,,,,,,,,,,
avibase-7CE29E0E,,,,,,,,,,,,,,,,,,,
avibase-2DA2C52F,,,,,,,,,,,,,,,,,,,
avibase-24F71192,,,,,,,,,,,,,,,,,,,
avibase-2E3D5AAF,,,,,,,,,,,,,,,,,,,
avibase-6ABDB635,,,,,,,,,,,,,,,,,,,
avibase-A6A4FC63,,,,,,,,,TRUE,,,,,,,,,,
avibase-61F9065B,,,,,,,,,TRUE,,,,,,,,,,
avibase-7C3026CC,,,,,,,,,,,,,,,,,,,
avibase-1EA60B94,,,,,,,,,TRUE,,,,,,,,,,
avibase-982C918E,,,,,,,,,,,,,,,,,,,,TRUE
avibase-0DCD05BE,,,,,,,,,,,,,,,,,TRUE,,
avibase-16FEF081,,,,,,,,,,,,,,,,,,,
avibase-14AFBA82,,,,,,,,,TRUE,,,,,,,,,,
avibase-F80D69C2,,,,,,,,,,,,,,,,,,,
avibase-086290D2,,,,,,,,,,,,,,,,,,,
avibase-33C35018,,,,,,,,,,,,,,,,,,,
avibase-A23B8E7A,,,,,,,,,,,,,,,,,,,
avibase-52C60399,,,,,,,,,,,,,,,,,,,
avibase-6483A467,,,TRUE,,,,,,,,,,,,,,,,
avibase-B24BD4A1,,,TRUE,,,,,,,,,,,,,,,,
avibase-86F34425,,,,,,,,,,,,,,,,,,,
avibase-3805ACAD,,,,,,,,,,,,,,,,,,,
avibase-64078193,,,,,,,,,,,,,,,,,,,
avibase-A14D3117,,,,,,,,,,,,,,,,,,,
avibase-596BDE51,,,,,,,,,,,,,,,,,,,
avibase-2D157C82,,,,,,,,,,,,,,,,,,,
avibase-861DA135,,,,,,,,,,,,,,,,,,,
avibase-987C8F6E,,,,,,,,,,,,,,,,,,,
avibase-6EBDD2D5,,,,,,,,,,,,,,,,,,,
avibase-224B2B08,,,TRUE,,,,,,,,,,,,,,,,
avibase-0E9C6F45,,,,,,,,,,,,,,,,,,,
avibase-E6576A8D,,,,,,,,,,,,,,,,,,,
avibase-7350FE4C,,,,,,,,,,,,,,,,,,,,TRUE
avibase-B0F2FB67,,,,,,,,,,,,,,,,,,,
avibase-A51A5F84,,,,,,,,,,,,,,,,,,,
avibase-7471E71D,,,,,,,,,,,,,,,,,,,
avibase-5D970425,,,,,,,,,,,,,,,,,,,
avibase-9D95139B,,TRUE,,,,,,,,,,,,,,,,,
avibase-24208346,,,,,,,,,,,,,,,,,TRUE,,
avibase-B1A3AF6C,TRUE,,,,,,,,,,,,,,,,,,
avibase-F2C7AA06,,,,,,,,,,,,,,,,,,,
avibase-508D5CA2,,,,,,,,,,,,,,,,,,,
avibase-E11D6D66,,,,,,,,,,,,,,,,,,,
avibase-E8DEABBD,,,,,,,,,,,,,,,,,,,
avibase-40781028,,,,,,,,,,,,,,,,,,,
avibase-D3390C6C,,,,,,,,,,,,,,,,,,,
avibase-D6F2837E,,,,,,,,,,,,,,,,,,,
avibase-1350773F,,,,,,,,,,,,,,,,,,,
avibase-AEC1B69C,,,,,,,,,,,,,,,,,,,
avibase-295B9665,,,,,,,,,,,,,,,,,,,,TRUE
avibase-621F6E07,,,,,,,,,,,,,,,,,,,
avibase-B24A13C7,,TRUE,,,,,,,,,,,,,,,,,
avibase-3BB2565D,,,,,,,,,,,,,,,,,,,
avibase-0AA15ACA,,,,,,,,,,,,,,,,,,,
avibase-7DDB347E,,,,,,,,,,,,,,,,,,,
avibase-6A0BA87A,,,,,,,,,,,,,,,,,,,
avibase-AEEED5D0,,,,,,,,,,,,,,,,,,,
avibase-EE674721,,,,,,,,,,,,,,,,,,,
avibase-18B10CF9,,TRUE,,,,,,,,,,,,,,,,,
avibase-405CCAAE,,,,,,,,,,,,,,,,,,,
avibase-4FF4CAF8,,,,,,,,,,,,,,,,,,,
avibase-A77D4A77,,,,,,,,,,,,,,,,,,,,TRUE
avibase-0BD37CDF,,,,,,,,,,,,,,,,,,,
avibase-90FDC4CC,,,,,,,,,,,,,,,,,,,
avibase-60A39CF9,TRUE,,,,,,,,,,,,,,,,,,
avibase-C54DCA26,,,,,,,,,,,,,,,,,,,
avibase-45C55FDE,,,,,,,,,,,,,,,,,,,,TRUE
avibase-40A2405D,,,,,,,,,,,,,,,,,,,
avibase-428DA7CD,,,,,,,,,,,,,,,,,,,
avibase-FC085C6D,,,TRUE,,,,,,,,,,,,,,,,
avibase-A0DC8E87,,,,,,,,,,,,,,,,,,,
avibase-92908926,,,,,,,,,,,,,,,,,,,
avibase-B68BD0D2,,,,,,,,,TRUE,,,,,,,,,,
avibase-15B2DD49,,,,,,,,,,,,,,,,,,,
avibase-B5B6EC7B,,,,,,,,,,,,,,,,,,,
avibase-FA03A965,,,,,,,,,,,,,,,,,,,,TRUE
avibase-5EA2B90C,,,,,,,,,,,,,,,,,,,
avibase-84E4178E,,,,,,,,,,,,,,,,,,,
avibase-3B3A6911,,,,,,,,,,,,,,,,,,,
avibase-AB38EDFD,,,,,,,,,,,,,,,,,,,
avibase-F188F8C8,,,,,,,,,,,,,,,,,,,
avibase-8A9A7AAA,,,,,,,,,,,,,,,,,,,
avibase-3809131C,,,,,,,,,,,,,,,,,,,
avibase-E281D783,,,,,,,,,,,,,,,,,,,,TRUE
avibase-6E95C4A9,,,,,,,,,,,,,,,,,,,,TRUE
avibase-EE8206E7,,,,,,,,,TRUE,,,,,,,,,,
avibase-7387E828,,TRUE,,,,,,,,,,,,,,,,,
avibase-77F0C62C,,,,,,,,,,,,,,,,,,,
avibase-230A0342,,,,,,,,,,,,,,,,,,,,TRUE
avibase-2455B82B,,,,,,,,,,,,,,,,,,,
avibase-8B7A6FE9,,,,,,,,,,,,,,,,,,,,TRUE
avibase-9616C96E,,,,,,,,,,,,,,,,,,,
avibase-53EABB81,,,,,,,,,,,,,,,,,,,
avibase-16BD42DD,,,,,,,,,,,,,,,,,,,
avibase-3846F8A8,,TRUE,,,,,,,,,,,,,,,,,
avibase-BB05D1FC,,,,,,,,,,,,,,,,,,,
avibase-A0A3B03D,,,,,,,,,,,,,,,,,,,
avibase-345658E9,,,,,,,,,,,,,,,,,,,
avibase-A38BABE1,,,,,,,,,,,,,,,,,,,
avibase-25C26AB9,,,,,,,,,,,,,,,,,,,
avibase-C25F57BD,,,,,,,,,,,,,,,,,,,
avibase-3E4783BA,,,,,,,,,,,,,,,,,,,
avibase-73BD4B29,,,,,,,,,TRUE,,,,,,,,,,
avibase-6EC66752,,,,,,,,,TRUE,,,,,,,,,,
avibase-7C7F0DEE,,,,,,,,,TRUE,,,,,,,,,,
avibase-BE56C141,,,,,,,,,TRUE,,,,,,,,,,
avibase-0B2F8058,,,,,,,,,,,,,,,,,TRUE,,
avibase-6E352E18,,,,,,,,,,,,,,,,,TRUE,,
avibase-06DD9D95,,,,,,,,,TRUE,,,,,,,,,,
avibase-566669CC,,,,,,,,,,,,,,,,,,,
avibase-736D38E7,,,,,,,,,TRUE,,,,,,,,,,
avibase-A0EDAEA2,,,,,,,,,TRUE,,,,,,,,,,
avibase-3380CFC5,,,,,,,,,,,,,,,,,,,
avibase-CF2E9674,,,,,,,,,,,,,,,,,,,
avibase-8EB0AB41,,,,,,,,,,,,,,,,,,,
avibase-F8B6EC31,,,,,,,,,,,,,,,,,,,
avibase-B55BADC1,,,,,,,,,,,,,,,,,,,
avibase-E09F7223,,,,,,,,,,,,,,,,,,,
avibase-535524BE,,,,,,,,,,,,,,,,,,,
avibase-078BC0ED,,,,,,,,,,,,,,,,,TRUE,,
avibase-2FB34D83,,,,,,,,,TRUE,,,,,,,,,,
avibase-DF26171F,,,,,,,,,,,,,,,,,TRUE,,
avibase-DF526047,,,,,,,,,TRUE,,,,,,,,,,
avibase-E6BD3258,,,,,,,,,,,,,,,,,,,
avibase-E6C6F746,,,,,,,,,TRUE,,,,,,,,,,
avibase-6ADB636C,,,,,,,,,,,,,,,,,,,
avibase-CD8DEBE3,,,,,,,,,,,,,,,,,,,
avibase-DA3F40DB,,,,,,,,,,,,,,,,,,,
avibase-5396F9FB,,,,,,,,,,,,,,,,,,,
avibase-FC1BE879,,,,,,,,,,,,,,,,,,,
avibase-67F06823,,,,,,,,,,,,,,,,,,,
avibase-857DCDD5,,,,,,,,,,,,,,,,,,,
avibase-2D0C83B2,,,,,,,,,,,,,,,,,,,
avibase-56C6CBA8,,,,,,,,,,,,,,,,,,,
avibase-35A2CCDF,,,,,,,,,,,,,,,,,,,
avibase-1611F295,,,,,,,,,,,,,,,,,,,
avibase-B0E7740F,,TRUE,,,,,,,,,,,,,,,,,
avibase-0B4F3AA2,,,,,,,,,,,,,,,,,,,
avibase-6DE16262,,,,,,,,,,,,,,,,,,,
avibase-EE79A5EF,,,,,,,,,,,,,,,,,,,
avibase-C1CBA33A,,,,,,,,,,,,,,,,,,,
avibase-FAFA576B,,,,,,,,,,,,,,,,,,,
avibase-D4F9B273,,,,,,,,,,,,,,,,,,,
avibase-26F27894,,,,,,,,,,,,,,,,,,,
avibase-D91BCC1B,,,,,,,,,,,,,,,,,,,
avibase-D33D2F6D,,,,,,,,,,,,,,,,,,,,TRUE
avibase-2E2DE0B6,,,,,,,,,,,,,,,,,,,
avibase-B022292C,,,,,,,,,,,,,,,,,,,
avibase-0059A2E0,,,,,,,,,,,,,,,,,,,
avibase-8F052626,,,,,,,,,,,,,,,,,,,
avibase-D2B15B3F,,,,,,,,,,,,,,,,,,,
avibase-A6083057,,,,,,,,,,,,,,,,,,,
avibase-EF6101F4,,,,,,,,,,,,,,,,,,,
avibase-CBA39A29,,,,,,,,,,,,,,,,,,,
avibase-718A3B70,,,,,,,,,,,,,,,,,,,
avibase-375BAF53,,,,,,,,,,,,,,,,,,,
avibase-5AC9F737,,,,,,,,,,,,,,,,,,,
avibase-4C428439,,,,,,,,,,,,,,,,,,,
avibase-7C822074,,,,,,,,,,,,,,,,,,,
avibase-71C72002,,,,,,,,,,,,,,,,,,,
avibase-17DE4B1F,,,,,,,,,,,,,,,,,,,
avibase-9CDA630C,,,,,,,,,,,,,,,,,,,
avibase-693FC6FD,,,,,,,,,,,,,,,,,,,
avibase-688582BF,,,,,,,,,,,,,,,,,,,
avibase-7C8BC7CF,,,,,,,,,,,,,,,,,,,
avibase-8E9E45B5,,,,,,,,,,,,,,,,,,,
avibase-1F21FFE9,,,,,,,,,,,,,,,,,,,
avibase-C7708C70,,,,,,,,,,,,,,,,,,,
avibase-FD2FEFFD,,,,,,,,,,,,,,,,,,,
avibase-C90890A3,,,,,,,,,,,,,,,,,,,
avibase-65856D49,,,,,,,,,,,,,,,,,,,
avibase-573C3683,,,,,,,,,,,,,,,,,,,
avibase-94C71DF6,,,,,,,,,,,,,,,,,,,
avibase-2C504059,,,,,,,,,,,,,,,,,,,
avibase-5011E123,,,,,,,,,,,,,,,,,,,
avibase-00B07B12,,,,,,,,,,,,,,,,,,,
avibase-864D4A4F,,,,,,,,,,,,,,,,,,,
avibase-9EB53638,,,,,,,,,,,,,,,,,,,
avibase-BE1FE156,,,,,,,,,,,,,,,,,,,
avibase-1373D324,,,,,,,,,,,,,,,,,,,
avibase-36C24C3D,,,,,,,,,,,,,,,,,,,
avibase-55997100,,,,,,,,,,,,,,,,,,,
avibase-CA4839B2,,,,,,,,,,,,,,,,,,,
avibase-B38CE692,,,,,,,,,,,,,,,,,,,
avibase-86BEAFA6,,,,,,,,,,,,,,,,,,,
avibase-2D86B0D2,,,,,,,,,,,,,,,,,,,
avibase-2C42345F,,,,,,,,,,,,,,,,,,,
avibase-F40197D6,,,,,,,,,,,,,,,,,,,
avibase-2379E3EB,,,,,,,,,,,,,,,,,,,
avibase-F9FB0226,,,,,,,,,,,,,,,,,,,
avibase-6A84BDB8,,,,,,,,,,,,,,,,,,,
avibase-E069A0BB,,,,,,,,,,,,,,,,,,,
avibase-FC6C191F,,,,,,,,,,,,,,,,,,,
avibase-D8E67602,,,,,,,,,,,,,,,,,,,
avibase-4DC2B23C,,,,,,,,,,,,,,,,,,,
avibase-20D915AD,,,,,,,,,,,,,,,,,,,
avibase-E8AA9E1C,,,,,,,,,,,,,,,,,,,
avibase-341298B9,,,,,,,,,,,,,,,,,,,
avibase-2A2CC7B3,,,TRUE,,,,,,,,,,,,,,,,
avibase-2E4A97D9,,,,,,,,,,,,,,,,,,,
avibase-19D053B3,,,,,,,,,,,,,,,,,,,
avibase-DF0759C0,,,,,,,,,,,,,,,,,,,
avibase-01BFAE61,,TRUE,,,,,,,,,,,,,,,,,
avibase-BE85C81E,,,,,,,,,,,,,,,,,,,
avibase-70312286,,,,,,,,,,,,,,,,,,,
avibase-C649EA57,,,,,,,,,,,,,,,,,,,
avibase-0405CA69,,,,,,,,,,,,,,,,,,,
avibase-9387DC41,,,,,,,,,,,,,,,,,,,
avibase-F8041931,,TRUE,,,,,,,,,,,,,,,,,
avibase-2B6DE136,,TRUE,,,,,,,,,,,,,,,,,
avibase-3D122849,,,,,,,,,,,,,,,,,,,
avibase-95F08BC3,,,,,,,,,,,,,,,,,,,
avibase-A31AC101,,,,,,,,,,,,,,,,,,,
avibase-7B414273,,,,,,,,,,,,,,,,,,,
avibase-CC7862AF,,,,,,,,,,,,,,,,,,,
avibase-4A58452B,,,,,,,,,,,,,,,,,,,
avibase-95A724BE,,,,,,,,,,,,,,,,,,,
avibase-97A73D9F,,,,,,,,,,,,,,,,,,,
avibase-749E7B3C,,,,,,,,,,,,,,,,,,,
avibase-F5E0EA0D,,,,,,,,,,,,,,,,,,,
avibase-6A1F6033,,,,,,,,,,,,,,,,,,,
avibase-26618AA1,,,,,,,,,,,,,,,,,,,
avibase-B08FF959,,,,,,,,,,,,,,,,,,,
avibase-59E7ABE5,,,,,,,,,,,,,,,,,,,
avibase-3153FE22,,,,,,,,,,,,,,,,,,,,TRUE
avibase-87071086,,,,,,,,,,,,,,,,,,,
avibase-ECE36984,,,,,,,,,,,,,,,,,,,
avibase-4D19099B,,,,,,,,,,,,,,,,,,,
avibase-960B56F2,,,,,,,,,,,,,,,,,,,
avibase-C97A5C39,,,,,,,,,,,,,,,,,,,
avibase-ACF0F1A2,,,,,,,,,,,,,,,,,,,
avibase-C1A42CCA,,,,,,,,,,,,,,,,,,,
avibase-673E66F0,,,,,,,,,,,,,,,,,,,
avibase-8D05A048,,,,,,,,,,,,,,,,,,,
avibase-424B857C,,,,,,,,,,,,,,,,,,,
avibase-BA01A793,,,,,,,,,,,,,,,,,,,
avibase-2AA13F1D,,,,,,,,,,,,,,,,,,,
avibase-49EF9657,,,,,,,,,,,,,,,,,,,
avibase-7D6F12FE,,,,,,,,,,,,,,,,,,,
avibase-142E4CB7,,,,,,,,,,,,,,,,,,,
avibase-64E386FE,,,,,,,,,,,,,,,,,,,
avibase-E358EC8A,,,,,,,,,,,,,,,,,,,
avibase-FC6A9CD0,,,,,,,,,,,,,,,,,,,
avibase-B9BE800C,,,,,,,,,,,,,,,,,,,
avibase-1A6B766A,,,,,,,,,,,,,,,,,,,
avibase-98B15EE7,,,,,,,,,,,,,,,,,,,
avibase-F3B46894,,,,,,,,,,,,,,,,,,,
avibase-B15F4C49,,,,,,,,,,,,,,,,,,,
avibase-842FF43C,,,,,,,,,,,,,,,,,,,
avibase-50BF77FB,,,,,,,,,,,,,,,,,,,
avibase-2680F124,,,,,,,,,,,,,,,,,,,
avibase-C38DEB1A,,,,,,,,,,,,,,,,,,,
avibase-1066028B,,,,,,,,,,,,,,,,,,,
avibase-61CB98C0,,,,,,,,,,,,,,,,,,,
avibase-D30DC715,,,,,,,,,,,,,,,,,,,
avibase-6DD8F10F,,,,,,,,,,,,,,,,,,,
avibase-EF6293B7,,,,,,,,,,,,,,,,,,,
avibase-8E5252EB,,,,,,,,,,,,,,,,,,,
avibase-CDDA63E0,,,,,,,,,,,,,,,,,,,
avibase-ECC40D44,,,,,,,,,,,,,,,,,,,
avibase-DE689967,,,,,,,,,,,,,,,,,,,
avibase-EAE77D96,,,,,,,,,,,,,,,,,,,
avibase-5CAE6778,,,,,,,,,,,,,,,,,,,
avibase-2CC91390,,,,,,,,,,,,,,,,,,,
avibase-46A1FC77,,,,,,,,,,,,,,,,,,,
avibase-01A3BE3C,,,,,,,,,,,,,,,,,,,
avibase-6A1ED1C2,,,,,,,,,,,,,,,,,,,
avibase-50490520,,,,,,,,,,,,,,,,,,,
avibase-BD7558AD,,,,,,,,,,,,,,,,,,,
avibase-B4A4E4BF,,,,,,,,,,,,,,,,,,,
avibase-43FE4788,,,,,,,,,,,,,,,,,,,
avibase-27012CC9,,,,,,,,,,,,,,,,,,,
avibase-A6034D7F,,,,,,,,,,,,,,,,,,,
avibase-871F32D9,,,,,,,,,,,,,,,,,,,
avibase-FCD72CEE,,,,,,,,,,,,,,,,,,,
avibase-E10D0809,,,,,,,,,,,,,,,,,,,
avibase-F375B25B,,,,,,,,,,,,,,,,,,,
avibase-DB4998D1,,,,,,,,,,,,,,,,,,,
avibase-2B55E679,,,,,,,,,,,,,,,,,,,
avibase-D8F2F78B,,,,,,,,,,,,,,,,,,,
avibase-DBAB527C,,,,,,,,,,,,,,,,,,,
avibase-126E0CFA,,,,,,,,,,,,,,,,,,,
avibase-1D25E0DB,,,,,,,,,,,,,,,,,,,
avibase-240E3390,,,,,,,,,,,,,,,,,,,
avibase-4F2CC293,,,,,,,,,,,,,,,,,,,
avibase-747B3A52,,,,,,,,,,,,,,,,,,,
avibase-AE073221,,,,,,,,,TRUE,,,,,,,,,,
avibase-5983D677,,,,,,,,,TRUE,,,,,,,,,,
avibase-CE7D41A6,,,,,,,,,,,,,,,,,,,
avibase-400E032C,,,,,,,,,TRUE,,,,,,,,,,
avibase-B9104F62,TRUE,,,,,,,,,,,,,,,,,,
avibase-FED54E53,,,TRUE,,,,,,,,,,,,,,,,
avibase-0D9BFED1,,,,,,,,,,,,,,,,,,,
avibase-F774B577,,,,,,,,,,,,,,,,,,,
avibase-70129CB1,,,,,,,,,,,,,,,,,,,
avibase-250CDA58,,,,,,,,,TRUE,,,,,,,,,,
avibase-ECFF22D2,,,,,,,,,,,,,,,,,,,
avibase-D8A51184,,,,,,,,,,,,,,,,,,,
avibase-ECC3F122,,,,,,,,,,,,,,,,,,,
avibase-0D7CC717,,,,,,,,,,,,,,,,,,,
avibase-C69E0E28,,,,,,,,,,,,,,,,,,,
avibase-19489268,,,,,,,,,,,,,,,,,,,
avibase-4C7B3D81,,,,,,,,,,,,,,,,,,,
avibase-365F5E97,,,,,,,,,TRUE,,,,,,,,,,
avibase-319D044A,,,,,,,,,TRUE,,,,,,,,,,
avibase-80B649D4,,,,,,,,,,,,,,,,,,,
avibase-169B483C,,,,,,,,,,,,,,,,,,,
avibase-D419E3A5,,,,,,,,,,,,,,,,,,,
avibase-5108E1D3,,,,,,,,,,,,,,,,,,,
avibase-C978ABCC,,,,,,,,,,,,,,,,,,,
avibase-5E456730,,,,,,,,,,,,,,,,,,,
avibase-D12CDD0F,,,,,,,,,,,,,,,,,,,
avibase-69EB514A,,,,,,,,,,,,,,,,,,,
avibase-90C937E4,,,,,,,,,,,,,,,,,,,
avibase-0CEB2DA6,,,,,,,,,,,,,,,,,,,
avibase-F3618305,,,,,,,,,,,,,,,,,,,
avibase-53A5E91F,,,,,,,,,,,,,,,,,,,
avibase-580A93C2,,,,,,,,,,,,,,,,,,,
avibase-8E8B3DB9,,,,,,,,,,,,,,,,,,,,TRUE
avibase-115CB3F4,,,,,,,,,,,,,,,,,,,
avibase-FB84DF4D,,,,,,,,,,,,,,,,,,,
avibase-DCFFEEC1,,,,,,,,,,,,,,,,,,,
avibase-D1C1A026,,,,,,,,,,,,,,,,,,,
avibase-72386016,,,,,,,,,,,,,,,,,,,
avibase-BB11EE7F,,,,,,,,,,,,,,,,,,,
avibase-CDF4A106,,,,,,,,,,,,,,,,,,,
avibase-17E7F90B,,,,,,,,,,,,,,,,,,,
avibase-0C571D99,,,,,,,,,,,,,,,,,,,
avibase-47210561,,,,,,,,,TRUE,,,,,,,,,,
